#
# TABLE STRUCTURE FOR: communities
#

USE vk;

INSERT INTO `communities` (`id`, `name`, `description`) VALUES ('1', 'magni', 'Et occaecati aliquid dolor dolorem. Repudiandae id fugit doloribus molestiae. Aspernatur inventore quia et sint ut officia. Natus maxime odit qui voluptates pariatur neque consequatur.');
INSERT INTO `communities` (`id`, `name`, `description`) VALUES ('2', 'eum', 'Iure facere eum et et quo. Omnis ab quo aut eum.');
INSERT INTO `communities` (`id`, `name`, `description`) VALUES ('3', 'perferendis', 'Recusandae odit esse dolorum. Cumque asperiores ut assumenda sint omnis sapiente et. Ea ut reiciendis est et possimus aliquam.');
INSERT INTO `communities` (`id`, `name`, `description`) VALUES ('4', 'accusantium', 'Voluptatem provident repellat error alias. Mollitia quam ad inventore ullam sunt doloremque quam. Quo non cumque consequatur aut maiores qui non inventore.');
INSERT INTO `communities` (`id`, `name`, `description`) VALUES ('5', 'similique', 'Atque dolores non eaque illo libero labore quidem. Quam eos nisi voluptatem reprehenderit et qui labore qui. Earum quas ea eligendi architecto nam similique.');
INSERT INTO `communities` (`id`, `name`, `description`) VALUES ('6', 'asperiores', 'Laborum et dolor dolor ab et dolores vel. Quisquam aut aut qui sit quia. Repellat deserunt aut voluptatem dolor.');
INSERT INTO `communities` (`id`, `name`, `description`) VALUES ('7', 'accusamus', 'Dolore id dolores et non rerum. Aperiam aut porro perspiciatis minima rem. Aliquam in laboriosam accusantium incidunt itaque autem.');
INSERT INTO `communities` (`id`, `name`, `description`) VALUES ('8', 'sit', 'Qui asperiores nulla velit veritatis aut magni. Repellendus qui atque voluptatem quo velit dolorem numquam. Reiciendis labore ea ullam sed deserunt est et eos. Ut eveniet corporis vitae sit culpa voluptatem et.');
INSERT INTO `communities` (`id`, `name`, `description`) VALUES ('9', 'officiis', 'Et similique qui similique aperiam amet facere atque. Quia non est enim. Est quaerat blanditiis exercitationem eveniet non accusamus.');
INSERT INTO `communities` (`id`, `name`, `description`) VALUES ('10', 'qui', 'Consequatur vero provident minus deleniti. Nihil doloremque quia consequatur vel. Consequatur non quod eaque perspiciatis id dignissimos porro. Est officiis veritatis qui hic dolore amet.');
INSERT INTO `communities` (`id`, `name`, `description`) VALUES ('11', 'omnis', 'Rerum vel ipsam voluptatem sapiente soluta. Dignissimos et doloribus autem incidunt nihil quod. Doloribus deserunt et sed.');
INSERT INTO `communities` (`id`, `name`, `description`) VALUES ('12', 'sint', 'Aperiam voluptatem magnam ut placeat similique odio dolor. Amet dolore numquam ullam et est atque fuga. Impedit voluptatum exercitationem dolores illo enim id eos.');
INSERT INTO `communities` (`id`, `name`, `description`) VALUES ('13', 'dolores', 'Dicta ut laudantium et aut quas consequatur velit praesentium. Quos sapiente dolor est dignissimos. Possimus sint officia ullam non eaque itaque harum.');
INSERT INTO `communities` (`id`, `name`, `description`) VALUES ('14', 'dolores', 'Error dolorum amet placeat sequi. Est voluptatem consequatur impedit quae architecto. Accusantium et sed vel totam.');
INSERT INTO `communities` (`id`, `name`, `description`) VALUES ('15', 'voluptatibus', 'Consequatur atque accusamus explicabo est iure adipisci. Qui quis saepe velit voluptate vitae et officiis. Dicta at quis animi repellendus vitae eos quia.');
INSERT INTO `communities` (`id`, `name`, `description`) VALUES ('16', 'mollitia', 'Atque facere voluptas porro accusamus vitae cumque. Earum iusto praesentium eos magni libero quidem nemo. Suscipit itaque temporibus aliquid.');
INSERT INTO `communities` (`id`, `name`, `description`) VALUES ('17', 'eum', 'Nemo explicabo soluta velit molestias doloribus. Aliquam et officia vel aliquam porro aut illo. Fugit ipsum ut ullam quia distinctio qui repellendus. Rem maxime earum est corporis error iste distinctio.');
INSERT INTO `communities` (`id`, `name`, `description`) VALUES ('18', 'qui', 'Omnis enim eligendi modi vitae magni sint quibusdam. Dolores neque quis consectetur. Sunt inventore et quibusdam tempora sed aperiam et magni.');
INSERT INTO `communities` (`id`, `name`, `description`) VALUES ('19', 'veritatis', 'Ut eveniet aspernatur laborum omnis sed qui. Sit enim numquam ea quae dolorum cum. Ex aperiam ad aut qui.');
INSERT INTO `communities` (`id`, `name`, `description`) VALUES ('20', 'aut', 'Debitis fugit nihil sed ab ad neque. Qui sit eaque maiores aspernatur explicabo est. Animi quia optio praesentium vel. Voluptas nostrum et est voluptatem perspiciatis deserunt labore.');
INSERT INTO `communities` (`id`, `name`, `description`) VALUES ('21', 'rerum', 'Ut ipsam soluta sunt distinctio exercitationem quis esse. Sunt cum explicabo qui ullam sunt quisquam earum omnis. Enim non ut quo laborum assumenda sint aut. Non aut adipisci quidem repellat.');
INSERT INTO `communities` (`id`, `name`, `description`) VALUES ('22', 'nostrum', 'A quasi sed voluptatem unde praesentium dignissimos. Id tempora necessitatibus voluptatem. Nam consequatur qui corporis libero modi. Dolorem totam iste mollitia facere.');
INSERT INTO `communities` (`id`, `name`, `description`) VALUES ('23', 'modi', 'Quam debitis sed sint corrupti eos. Beatae harum maiores voluptate explicabo voluptatum. Asperiores est reprehenderit rerum voluptate et ut. Et adipisci cupiditate laboriosam labore recusandae.');
INSERT INTO `communities` (`id`, `name`, `description`) VALUES ('24', 'praesentium', 'Magni ut nihil maiores molestiae. Minus asperiores quam aut atque consequatur sed rerum. Sed ab quo non dolor. Aliquid perspiciatis aliquid ipsa distinctio officia ex laboriosam.');
INSERT INTO `communities` (`id`, `name`, `description`) VALUES ('25', 'illum', 'Sint saepe minima repellendus quia ducimus id ea eaque. Excepturi dignissimos cumque libero odit deserunt. Non dolores eius nihil ad error blanditiis in. Est nulla quis ab. Non ducimus omnis et et rerum.');
INSERT INTO `communities` (`id`, `name`, `description`) VALUES ('26', 'sit', 'Ut cumque alias non rerum quasi alias commodi ab. Et non in vel et. Dolorum quia debitis quia eum. Minima magni sapiente voluptatem voluptatem. Aliquam magni porro sed excepturi aliquid explicabo et.');
INSERT INTO `communities` (`id`, `name`, `description`) VALUES ('27', 'omnis', 'Magnam hic quia maxime nihil ut repellendus quidem. Sapiente rem quidem praesentium ad. Optio blanditiis ex cum ea nostrum et iusto. Dolore sapiente dolores laborum rerum.');
INSERT INTO `communities` (`id`, `name`, `description`) VALUES ('28', 'commodi', 'Et deserunt dolor sit asperiores. Fugit aspernatur rerum vero et quam occaecati omnis. Iure molestiae ipsam quo aut et iure. Cupiditate libero vel blanditiis distinctio. Iure quas quia dolores enim.');
INSERT INTO `communities` (`id`, `name`, `description`) VALUES ('29', 'voluptas', 'Quisquam corporis accusantium et aut eveniet eos id neque. Voluptatem quia non rerum.');
INSERT INTO `communities` (`id`, `name`, `description`) VALUES ('30', 'sit', 'Id corrupti tenetur dolor asperiores. Consectetur adipisci ratione facilis alias repellendus in earum. Qui magnam et explicabo molestiae accusantium alias. Dolores nisi velit sunt.');
INSERT INTO `communities` (`id`, `name`, `description`) VALUES ('31', 'accusamus', 'Voluptate et voluptas cum quia labore recusandae asperiores quibusdam. Delectus qui sit animi. Est eos ut corporis quidem. Aut quam distinctio est unde veritatis et enim.');
INSERT INTO `communities` (`id`, `name`, `description`) VALUES ('32', 'atque', 'Et non optio iure qui et soluta odit. Officia consequatur recusandae ut nobis. Numquam expedita qui sunt omnis nostrum quidem. Iure natus ut ut odio iusto cupiditate ipsam.');
INSERT INTO `communities` (`id`, `name`, `description`) VALUES ('33', 'cupiditate', 'Itaque aut ut deleniti ipsa corporis aspernatur omnis. Officia quod corrupti earum magni. Occaecati suscipit aut accusamus quo enim.');
INSERT INTO `communities` (`id`, `name`, `description`) VALUES ('34', 'reiciendis', 'Asperiores excepturi sunt consequatur velit et dolor autem. Commodi iusto excepturi quia id. Ipsam suscipit quaerat dolores est sunt dignissimos.');
INSERT INTO `communities` (`id`, `name`, `description`) VALUES ('35', 'veniam', 'Adipisci quam eveniet qui rem. Rem sit hic dignissimos sunt velit. Nam porro reiciendis ab dolor sint assumenda.');
INSERT INTO `communities` (`id`, `name`, `description`) VALUES ('36', 'et', 'Quidem ut maiores totam dolorum suscipit reiciendis. Et atque possimus itaque neque cumque rem. Incidunt labore quae sint rerum.');
INSERT INTO `communities` (`id`, `name`, `description`) VALUES ('37', 'aut', 'Sed sequi odio adipisci sunt velit aut. Sequi eum dolore blanditiis fugiat nisi. Molestiae qui consequatur architecto voluptate error quas quo. Perferendis voluptatibus enim quibusdam animi adipisci alias qui.');
INSERT INTO `communities` (`id`, `name`, `description`) VALUES ('38', 'ex', 'Nesciunt qui quas rerum placeat consequatur maiores dolor. Facere aliquam fuga blanditiis delectus. Rerum recusandae ut debitis nesciunt quas. Repellendus similique est et et eum architecto. Et soluta repudiandae possimus ad omnis accusamus eius');
INSERT INTO `communities` (`id`, `name`, `description`) VALUES ('39', 'qui', 'Sunt qui laudantium nisi est natus. Ea soluta odio earum qui quam alias. Unde nam excepturi eligendi voluptas ut. Sapiente maiores sequi cumque omnis.');
INSERT INTO `communities` (`id`, `name`, `description`) VALUES ('40', 'exercitationem', 'Est molestiae soluta repellendus molestias. Ex error ut accusamus nesciunt atque dolor. Occaecati qui saepe temporibus tempore placeat nesciunt sed.');
INSERT INTO `communities` (`id`, `name`, `description`) VALUES ('41', 'magni', 'Nesciunt et id cupiditate maiores recusandae nostrum. Illum architecto aut molestiae laudantium. Quis quam reprehenderit sed quis sed aliquam.');
INSERT INTO `communities` (`id`, `name`, `description`) VALUES ('42', 'qui', 'Dolores iure dolore qui vitae. Harum et dolor distinctio dolorem.');
INSERT INTO `communities` (`id`, `name`, `description`) VALUES ('43', 'omnis', 'Perspiciatis voluptas voluptatem corrupti maiores nihil dolores earum. Dolorem ea quia ut accusantium eum corrupti quaerat. Doloremque nisi rem sed tenetur repudiandae deserunt dicta.');
INSERT INTO `communities` (`id`, `name`, `description`) VALUES ('44', 'non', 'Et et provident laboriosam placeat vitae. Distinctio commodi est quia similique voluptate. Cumque facere non vitae. Magnam sapiente quis et accusantium praesentium perspiciatis laborum.');
INSERT INTO `communities` (`id`, `name`, `description`) VALUES ('45', 'rem', 'Incidunt nulla deleniti qui ipsam. Provident incidunt rerum totam sed sunt omnis. Quam distinctio aperiam architecto sit. Quo optio perspiciatis cumque iure non.');
INSERT INTO `communities` (`id`, `name`, `description`) VALUES ('46', 'saepe', 'Dolores doloribus repellat iure qui. Et dolores a qui nam dolor cumque ut. Ut quidem libero animi et. Ut incidunt expedita voluptatum enim sed sapiente.');
INSERT INTO `communities` (`id`, `name`, `description`) VALUES ('47', 'sapiente', 'Autem velit dolor sint. Quod aut sed qui repudiandae. Nemo fuga consequatur veniam ex placeat sunt. Eum fuga nulla optio nesciunt aut.');
INSERT INTO `communities` (`id`, `name`, `description`) VALUES ('48', 'est', 'Qui qui cum eos est. Beatae ad voluptate velit nulla. Non tempore quis dolore qui assumenda quibusdam repellendus.');
INSERT INTO `communities` (`id`, `name`, `description`) VALUES ('49', 'nulla', 'Officia ut dolores in ipsam assumenda natus id. Esse rem natus nesciunt alias. Magnam illum quos veniam cum harum rerum libero.');
INSERT INTO `communities` (`id`, `name`, `description`) VALUES ('50', 'ut', 'Repudiandae id accusantium corrupti nisi id sed quisquam. Dicta eos ea facere soluta non distinctio. Quaerat voluptates voluptate nobis explicabo inventore ut.');
INSERT INTO `communities` (`id`, `name`, `description`) VALUES ('51', 'et', 'Quasi officia officiis et atque repellendus. Expedita molestiae provident explicabo perspiciatis id assumenda. Perferendis autem dolor et consequuntur iusto ea quos. Suscipit impedit temporibus repudiandae consectetur totam repellendus.');
INSERT INTO `communities` (`id`, `name`, `description`) VALUES ('52', 'nisi', 'Dolorum provident unde et dolores reiciendis. Repellendus rerum repudiandae inventore perferendis dicta natus harum. Explicabo in fugiat optio. Atque fuga vel ipsum harum ut voluptatem optio.');
INSERT INTO `communities` (`id`, `name`, `description`) VALUES ('53', 'ea', 'Aliquid beatae qui recusandae id autem voluptate ut. Et voluptas ipsam iste pariatur incidunt molestiae. Ex optio sequi enim mollitia distinctio. Omnis praesentium quia veritatis error assumenda molestias.');
INSERT INTO `communities` (`id`, `name`, `description`) VALUES ('54', 'maiores', 'Repellat ut inventore aliquid ea dignissimos dolore. Sit eveniet quo corporis quidem. Et distinctio minima a architecto. Assumenda voluptas a omnis animi quod cupiditate magnam.');
INSERT INTO `communities` (`id`, `name`, `description`) VALUES ('55', 'voluptate', 'Pariatur similique magnam quam voluptatem. Non at nobis dolores autem. Facere exercitationem beatae rerum doloribus ut ad porro.');
INSERT INTO `communities` (`id`, `name`, `description`) VALUES ('56', 'eaque', 'Et odit magnam et sit saepe. Illum qui voluptate at qui sequi impedit. Ea non est et rem. Similique ea sed quas soluta ex aut.');
INSERT INTO `communities` (`id`, `name`, `description`) VALUES ('57', 'quia', 'Est amet illum pariatur. Ut aliquid repellendus soluta eveniet totam.');
INSERT INTO `communities` (`id`, `name`, `description`) VALUES ('58', 'ullam', 'Omnis et dolor ut molestiae ipsa. Natus hic velit tempore ducimus aut voluptates. Est non autem eligendi et neque voluptatum.');
INSERT INTO `communities` (`id`, `name`, `description`) VALUES ('59', 'consectetur', 'Id voluptatem quia labore nihil. Debitis enim et voluptatem magnam placeat molestiae. Repudiandae mollitia quo harum qui nemo voluptates et.');
INSERT INTO `communities` (`id`, `name`, `description`) VALUES ('60', 'sed', 'Soluta reiciendis dolores ratione animi ipsa aliquam ipsum. Quis voluptates quasi aut ex sint quisquam. Atque autem ad nam quia impedit nihil.');
INSERT INTO `communities` (`id`, `name`, `description`) VALUES ('61', 'molestiae', 'Nemo doloribus non corrupti non laboriosam. Est nam cum qui quaerat. Ex illo fuga velit eius quis neque. Tempora modi ut error distinctio quod officiis.');
INSERT INTO `communities` (`id`, `name`, `description`) VALUES ('62', 'recusandae', 'Et labore praesentium omnis porro id cumque iste voluptas. Soluta minima minima minus deleniti et excepturi voluptatem.');
INSERT INTO `communities` (`id`, `name`, `description`) VALUES ('63', 'molestias', 'Repudiandae voluptatibus dolores totam quis itaque aliquam qui dicta. Voluptatem tenetur quia iste consequatur voluptate minima omnis. Et qui iusto nobis unde.');
INSERT INTO `communities` (`id`, `name`, `description`) VALUES ('64', 'nulla', 'Cumque sapiente aut laboriosam voluptatem voluptate voluptates. Est quo dignissimos ea cupiditate eius. Id earum perspiciatis fugit natus incidunt eveniet laborum dicta. Qui eveniet earum quas vel voluptas.');
INSERT INTO `communities` (`id`, `name`, `description`) VALUES ('65', 'ratione', 'Magnam ullam dolorum facere error ut eum. Omnis architecto esse voluptates eligendi omnis similique. Modi dolores modi suscipit omnis numquam magni. Odit optio iste sapiente qui.');
INSERT INTO `communities` (`id`, `name`, `description`) VALUES ('66', 'atque', 'Nesciunt harum quibusdam ullam qui quisquam consequuntur. Repudiandae ut atque autem. Et molestiae qui deserunt. Illo ut possimus facere inventore.');
INSERT INTO `communities` (`id`, `name`, `description`) VALUES ('67', 'fuga', 'Rerum neque officiis distinctio sed harum ducimus. Quia accusamus soluta aut facilis. Eum sit aut non numquam. Sapiente autem est excepturi rerum veritatis.');
INSERT INTO `communities` (`id`, `name`, `description`) VALUES ('68', 'et', 'Expedita dolores et aut temporibus qui. Eum aut fugit rem ex ut nobis illum. Ab qui veniam sunt iure aspernatur. Corrupti enim quia nesciunt unde ea at aut nihil.');
INSERT INTO `communities` (`id`, `name`, `description`) VALUES ('69', 'amet', 'Culpa ut autem cum praesentium. Libero qui a non corporis. Repellendus voluptas et deleniti explicabo accusamus.');
INSERT INTO `communities` (`id`, `name`, `description`) VALUES ('70', 'saepe', 'Voluptatum aut laborum omnis ducimus. Corporis facere voluptatem quod voluptatem inventore ducimus rem laboriosam. Numquam exercitationem illo et consequuntur et. Rerum cumque architecto sed sit reprehenderit excepturi.');
INSERT INTO `communities` (`id`, `name`, `description`) VALUES ('71', 'iusto', 'Odio tempore magni iusto eos. Ea fugit reprehenderit voluptas mollitia consequatur tempore explicabo.');
INSERT INTO `communities` (`id`, `name`, `description`) VALUES ('72', 'ea', 'Quam id tempore aperiam nihil perferendis ad. Consequatur eum in nulla omnis enim. Adipisci explicabo sit aspernatur necessitatibus animi maxime. Quia quod ut vero reprehenderit sit.');
INSERT INTO `communities` (`id`, `name`, `description`) VALUES ('73', 'totam', 'Laboriosam est eius ducimus omnis alias dolores. Iure et sunt consectetur non dolores. Aut magnam aut et iste rerum consequatur nulla nobis.');
INSERT INTO `communities` (`id`, `name`, `description`) VALUES ('74', 'est', 'Occaecati quidem unde libero sit et asperiores accusantium reiciendis. Placeat qui non facere inventore. Quasi repudiandae praesentium repudiandae impedit odit alias.');
INSERT INTO `communities` (`id`, `name`, `description`) VALUES ('75', 'delectus', 'Ut vel consequatur quibusdam voluptas dolorem sequi vel. Autem ut necessitatibus autem cum eius laudantium distinctio veritatis. Non minus qui cupiditate at in magnam qui.');
INSERT INTO `communities` (`id`, `name`, `description`) VALUES ('76', 'sunt', 'Iure itaque deserunt itaque vel sapiente. Mollitia autem ad impedit omnis dolorem dolore. Sit qui voluptatem natus explicabo.');
INSERT INTO `communities` (`id`, `name`, `description`) VALUES ('77', 'aut', 'Quam consequatur repellendus id saepe excepturi. Eum voluptatem cumque ea ab iure. Consequatur ut quasi maxime. Qui non et sed voluptas.');
INSERT INTO `communities` (`id`, `name`, `description`) VALUES ('78', 'illo', 'Qui consectetur iure qui impedit repellat consequatur iure. Praesentium voluptatum fugiat placeat id ab. Eum voluptas quia vitae est sunt.');
INSERT INTO `communities` (`id`, `name`, `description`) VALUES ('79', 'eos', 'Et quo numquam non. Harum at autem quia quos. Alias sint beatae odio nam libero molestiae voluptatem.');
INSERT INTO `communities` (`id`, `name`, `description`) VALUES ('80', 'hic', 'Quo occaecati ut quo perspiciatis ut officiis et. Maiores est quam non error.');
INSERT INTO `communities` (`id`, `name`, `description`) VALUES ('81', 'repellat', 'Sit harum nihil delectus. Ut nulla doloribus explicabo explicabo vel aut. Qui ut repellat laborum accusamus debitis illum. Sint harum sed dolorem culpa porro placeat. Laudantium perferendis amet rerum atque quo.');
INSERT INTO `communities` (`id`, `name`, `description`) VALUES ('82', 'aspernatur', 'Veniam adipisci amet corrupti quo qui enim et fugiat. Neque repellendus exercitationem nobis illo aut. Mollitia aut maiores omnis velit et. Qui autem non sit est.');
INSERT INTO `communities` (`id`, `name`, `description`) VALUES ('83', 'voluptatibus', 'Architecto illum assumenda voluptatum est saepe inventore. Dignissimos nulla placeat quibusdam aliquam distinctio et saepe. Magnam quis eveniet veritatis similique temporibus. Magni explicabo nihil facilis dolores cupiditate et.');
INSERT INTO `communities` (`id`, `name`, `description`) VALUES ('84', 'dicta', 'Voluptates repudiandae quo natus est qui aut. Explicabo quo repudiandae sint.');
INSERT INTO `communities` (`id`, `name`, `description`) VALUES ('85', 'vel', 'Vel minus possimus dolore voluptas accusantium harum officia saepe. Non soluta ex voluptatem aut explicabo. Culpa neque fuga nisi quos. Aut quas aut sequi commodi corporis distinctio repellendus. Voluptatum iusto ut officia explicabo eos enim as');
INSERT INTO `communities` (`id`, `name`, `description`) VALUES ('86', 'earum', 'Velit odit quibusdam quo eaque omnis. Ea quam eos minima velit. Ipsam et maxime deserunt quod eaque. Vitae nulla aut nisi aperiam dignissimos itaque eum.');
INSERT INTO `communities` (`id`, `name`, `description`) VALUES ('87', 'sed', 'Occaecati nulla omnis laboriosam mollitia quis illo rerum maiores. Aliquam sint est a repellendus qui qui doloribus nihil. Earum nostrum recusandae perferendis reprehenderit et.');
INSERT INTO `communities` (`id`, `name`, `description`) VALUES ('88', 'vel', 'Quibusdam eveniet error repudiandae consequatur velit rerum dolorum. Vel expedita quasi dolor ut iste perferendis. Vel quis sit in fugit fuga non.');
INSERT INTO `communities` (`id`, `name`, `description`) VALUES ('89', 'nostrum', 'Aut vero non voluptas debitis eos asperiores et tenetur. Officia error distinctio perspiciatis aut at dolor dolores deserunt. Optio repellat sed quaerat sed.');
INSERT INTO `communities` (`id`, `name`, `description`) VALUES ('90', 'nihil', 'Molestiae architecto unde doloremque excepturi nostrum error vero. Et soluta fuga mollitia eum minima aperiam. Quia quia aut ratione impedit doloribus.');
INSERT INTO `communities` (`id`, `name`, `description`) VALUES ('91', 'possimus', 'Nemo velit eum suscipit exercitationem maiores saepe natus omnis. Non praesentium et et voluptas tempore molestias. Et fuga sunt esse modi ut nesciunt sequi.');
INSERT INTO `communities` (`id`, `name`, `description`) VALUES ('92', 'magni', 'Eveniet dicta voluptas illo sit libero quis quis. Quis molestiae facere eum dolore. Optio quo eveniet et asperiores reprehenderit.');
INSERT INTO `communities` (`id`, `name`, `description`) VALUES ('93', 'culpa', 'Nesciunt debitis sapiente reiciendis voluptatum et. Ut ea eveniet libero eum delectus enim. Ad tempore vero atque quidem quod. Ea repellat ut praesentium cumque aut.');
INSERT INTO `communities` (`id`, `name`, `description`) VALUES ('94', 'est', 'Sint molestiae ad maxime laborum enim. Consequatur incidunt doloribus dolorem qui. Nulla facilis quia animi repellendus delectus.');
INSERT INTO `communities` (`id`, `name`, `description`) VALUES ('95', 'saepe', 'Magni in officiis sapiente explicabo tenetur iusto. Beatae nihil aliquam sunt id. Qui aliquid est ullam optio.');
INSERT INTO `communities` (`id`, `name`, `description`) VALUES ('96', 'consequatur', 'Dolores assumenda expedita similique qui dignissimos voluptas dolorem omnis. Voluptatem culpa enim sunt odit dignissimos laudantium voluptatem et. Id doloremque voluptas necessitatibus et fugit.');
INSERT INTO `communities` (`id`, `name`, `description`) VALUES ('97', 'ipsam', 'Quod deserunt ducimus facilis ab eos doloribus. Dolorem harum laudantium optio harum. Architecto quia quisquam tempora eveniet sed quas rerum. Aut magni beatae sit at dolor ipsa.');
INSERT INTO `communities` (`id`, `name`, `description`) VALUES ('98', 'pariatur', 'Et ex ut blanditiis. Blanditiis amet quisquam recusandae est. Qui harum dolorum et quis aut pariatur.');
INSERT INTO `communities` (`id`, `name`, `description`) VALUES ('99', 'quisquam', 'Perferendis accusamus et non pariatur quod ex sed. Velit voluptas iusto tempore vel deserunt. Nobis ut cum fugiat laudantium in totam.');
INSERT INTO `communities` (`id`, `name`, `description`) VALUES ('100', 'deserunt', 'Molestiae id ut consequuntur perspiciatis. Doloribus consequatur tenetur qui architecto. Voluptas et quis quia magni officiis. Atque molestias ut ratione ipsam unde eos.');


#
# TABLE STRUCTURE FOR: communities_users
#


INSERT INTO `communities_users` (`community_id`, `user_id`, `created_at`) VALUES ('1', '1', '2020-06-24 09:35:41');
INSERT INTO `communities_users` (`community_id`, `user_id`, `created_at`) VALUES ('2', '2', '1999-07-20 20:58:56');
INSERT INTO `communities_users` (`community_id`, `user_id`, `created_at`) VALUES ('3', '3', '2004-02-02 01:58:14');
INSERT INTO `communities_users` (`community_id`, `user_id`, `created_at`) VALUES ('4', '4', '1999-05-13 07:08:12');
INSERT INTO `communities_users` (`community_id`, `user_id`, `created_at`) VALUES ('5', '5', '2001-05-12 11:52:40');
INSERT INTO `communities_users` (`community_id`, `user_id`, `created_at`) VALUES ('6', '6', '1971-06-15 06:17:01');
INSERT INTO `communities_users` (`community_id`, `user_id`, `created_at`) VALUES ('7', '7', '1995-08-06 10:36:26');
INSERT INTO `communities_users` (`community_id`, `user_id`, `created_at`) VALUES ('8', '8', '2015-07-07 00:22:15');
INSERT INTO `communities_users` (`community_id`, `user_id`, `created_at`) VALUES ('9', '9', '1989-12-03 12:42:29');
INSERT INTO `communities_users` (`community_id`, `user_id`, `created_at`) VALUES ('10', '10', '2015-07-04 18:45:57');
INSERT INTO `communities_users` (`community_id`, `user_id`, `created_at`) VALUES ('11', '11', '2008-11-06 17:40:51');
INSERT INTO `communities_users` (`community_id`, `user_id`, `created_at`) VALUES ('12', '12', '2010-02-11 03:56:05');
INSERT INTO `communities_users` (`community_id`, `user_id`, `created_at`) VALUES ('13', '13', '2002-12-19 11:23:03');
INSERT INTO `communities_users` (`community_id`, `user_id`, `created_at`) VALUES ('14', '14', '1999-11-09 08:23:25');
INSERT INTO `communities_users` (`community_id`, `user_id`, `created_at`) VALUES ('15', '15', '1980-07-08 18:25:06');
INSERT INTO `communities_users` (`community_id`, `user_id`, `created_at`) VALUES ('16', '16', '2006-11-09 16:40:58');
INSERT INTO `communities_users` (`community_id`, `user_id`, `created_at`) VALUES ('17', '17', '2015-05-06 01:00:31');
INSERT INTO `communities_users` (`community_id`, `user_id`, `created_at`) VALUES ('18', '18', '2002-03-11 13:21:46');
INSERT INTO `communities_users` (`community_id`, `user_id`, `created_at`) VALUES ('19', '19', '1989-12-05 22:08:25');
INSERT INTO `communities_users` (`community_id`, `user_id`, `created_at`) VALUES ('20', '20', '2017-05-03 13:35:02');
INSERT INTO `communities_users` (`community_id`, `user_id`, `created_at`) VALUES ('21', '21', '1982-02-23 13:48:39');
INSERT INTO `communities_users` (`community_id`, `user_id`, `created_at`) VALUES ('22', '22', '1995-07-28 05:10:14');
INSERT INTO `communities_users` (`community_id`, `user_id`, `created_at`) VALUES ('23', '23', '2010-12-28 11:34:37');
INSERT INTO `communities_users` (`community_id`, `user_id`, `created_at`) VALUES ('24', '24', '2004-04-02 18:05:10');
INSERT INTO `communities_users` (`community_id`, `user_id`, `created_at`) VALUES ('25', '25', '2006-11-09 20:56:23');
INSERT INTO `communities_users` (`community_id`, `user_id`, `created_at`) VALUES ('26', '26', '1980-03-24 22:51:27');
INSERT INTO `communities_users` (`community_id`, `user_id`, `created_at`) VALUES ('27', '27', '1999-01-09 05:59:08');
INSERT INTO `communities_users` (`community_id`, `user_id`, `created_at`) VALUES ('28', '28', '1995-10-03 10:07:55');
INSERT INTO `communities_users` (`community_id`, `user_id`, `created_at`) VALUES ('29', '29', '1985-11-20 23:05:24');
INSERT INTO `communities_users` (`community_id`, `user_id`, `created_at`) VALUES ('30', '30', '2002-12-17 08:31:38');
INSERT INTO `communities_users` (`community_id`, `user_id`, `created_at`) VALUES ('31', '31', '2005-12-30 13:23:43');
INSERT INTO `communities_users` (`community_id`, `user_id`, `created_at`) VALUES ('32', '32', '1993-07-08 17:08:37');
INSERT INTO `communities_users` (`community_id`, `user_id`, `created_at`) VALUES ('33', '33', '2007-02-01 13:06:38');
INSERT INTO `communities_users` (`community_id`, `user_id`, `created_at`) VALUES ('34', '34', '1985-04-14 02:50:12');
INSERT INTO `communities_users` (`community_id`, `user_id`, `created_at`) VALUES ('35', '35', '1994-06-07 14:06:39');
INSERT INTO `communities_users` (`community_id`, `user_id`, `created_at`) VALUES ('36', '36', '1992-08-17 03:11:58');
INSERT INTO `communities_users` (`community_id`, `user_id`, `created_at`) VALUES ('37', '37', '1983-12-18 02:14:52');
INSERT INTO `communities_users` (`community_id`, `user_id`, `created_at`) VALUES ('38', '38', '1991-07-18 22:52:17');
INSERT INTO `communities_users` (`community_id`, `user_id`, `created_at`) VALUES ('39', '39', '1998-03-02 11:43:25');
INSERT INTO `communities_users` (`community_id`, `user_id`, `created_at`) VALUES ('40', '40', '2009-06-10 04:59:30');
INSERT INTO `communities_users` (`community_id`, `user_id`, `created_at`) VALUES ('41', '41', '1988-03-30 00:36:45');
INSERT INTO `communities_users` (`community_id`, `user_id`, `created_at`) VALUES ('42', '42', '2001-08-11 00:29:00');
INSERT INTO `communities_users` (`community_id`, `user_id`, `created_at`) VALUES ('43', '43', '1980-09-20 22:05:10');
INSERT INTO `communities_users` (`community_id`, `user_id`, `created_at`) VALUES ('44', '44', '2001-01-31 18:19:13');
INSERT INTO `communities_users` (`community_id`, `user_id`, `created_at`) VALUES ('45', '45', '2003-05-25 18:42:08');
INSERT INTO `communities_users` (`community_id`, `user_id`, `created_at`) VALUES ('46', '46', '1995-10-28 17:20:01');
INSERT INTO `communities_users` (`community_id`, `user_id`, `created_at`) VALUES ('47', '47', '1989-04-12 17:10:04');
INSERT INTO `communities_users` (`community_id`, `user_id`, `created_at`) VALUES ('48', '48', '1980-08-20 23:20:12');
INSERT INTO `communities_users` (`community_id`, `user_id`, `created_at`) VALUES ('49', '49', '1999-10-05 20:51:26');
INSERT INTO `communities_users` (`community_id`, `user_id`, `created_at`) VALUES ('50', '50', '2006-05-24 14:22:51');
INSERT INTO `communities_users` (`community_id`, `user_id`, `created_at`) VALUES ('51', '51', '1976-01-31 00:10:07');
INSERT INTO `communities_users` (`community_id`, `user_id`, `created_at`) VALUES ('52', '52', '1970-07-21 14:34:50');
INSERT INTO `communities_users` (`community_id`, `user_id`, `created_at`) VALUES ('53', '53', '2017-06-06 09:14:15');
INSERT INTO `communities_users` (`community_id`, `user_id`, `created_at`) VALUES ('54', '54', '1983-08-20 08:31:55');
INSERT INTO `communities_users` (`community_id`, `user_id`, `created_at`) VALUES ('55', '55', '1994-01-22 08:26:11');
INSERT INTO `communities_users` (`community_id`, `user_id`, `created_at`) VALUES ('56', '56', '2002-08-04 18:50:49');
INSERT INTO `communities_users` (`community_id`, `user_id`, `created_at`) VALUES ('57', '57', '1997-02-17 18:11:10');
INSERT INTO `communities_users` (`community_id`, `user_id`, `created_at`) VALUES ('58', '58', '2011-04-17 13:24:46');
INSERT INTO `communities_users` (`community_id`, `user_id`, `created_at`) VALUES ('59', '59', '1991-04-14 21:15:22');
INSERT INTO `communities_users` (`community_id`, `user_id`, `created_at`) VALUES ('60', '60', '2001-09-26 08:44:11');
INSERT INTO `communities_users` (`community_id`, `user_id`, `created_at`) VALUES ('61', '61', '1985-06-26 20:40:09');
INSERT INTO `communities_users` (`community_id`, `user_id`, `created_at`) VALUES ('62', '62', '1971-11-18 02:38:29');
INSERT INTO `communities_users` (`community_id`, `user_id`, `created_at`) VALUES ('63', '63', '2010-01-03 06:14:08');
INSERT INTO `communities_users` (`community_id`, `user_id`, `created_at`) VALUES ('64', '64', '2008-04-01 14:35:14');
INSERT INTO `communities_users` (`community_id`, `user_id`, `created_at`) VALUES ('65', '65', '1986-04-06 05:25:56');
INSERT INTO `communities_users` (`community_id`, `user_id`, `created_at`) VALUES ('66', '66', '2012-09-02 16:41:48');
INSERT INTO `communities_users` (`community_id`, `user_id`, `created_at`) VALUES ('67', '67', '2007-07-25 01:30:18');
INSERT INTO `communities_users` (`community_id`, `user_id`, `created_at`) VALUES ('68', '68', '2017-03-26 23:10:15');
INSERT INTO `communities_users` (`community_id`, `user_id`, `created_at`) VALUES ('69', '69', '2001-06-30 07:51:37');
INSERT INTO `communities_users` (`community_id`, `user_id`, `created_at`) VALUES ('70', '70', '1978-02-18 01:10:49');
INSERT INTO `communities_users` (`community_id`, `user_id`, `created_at`) VALUES ('71', '71', '1987-09-14 03:40:17');
INSERT INTO `communities_users` (`community_id`, `user_id`, `created_at`) VALUES ('72', '72', '1997-04-03 11:24:13');
INSERT INTO `communities_users` (`community_id`, `user_id`, `created_at`) VALUES ('73', '73', '1978-05-20 07:50:11');
INSERT INTO `communities_users` (`community_id`, `user_id`, `created_at`) VALUES ('74', '74', '1970-02-05 18:21:44');
INSERT INTO `communities_users` (`community_id`, `user_id`, `created_at`) VALUES ('75', '75', '1979-02-28 03:07:16');
INSERT INTO `communities_users` (`community_id`, `user_id`, `created_at`) VALUES ('76', '76', '1982-01-09 01:46:20');
INSERT INTO `communities_users` (`community_id`, `user_id`, `created_at`) VALUES ('77', '77', '2013-11-13 10:39:48');
INSERT INTO `communities_users` (`community_id`, `user_id`, `created_at`) VALUES ('78', '78', '2021-01-15 19:35:04');
INSERT INTO `communities_users` (`community_id`, `user_id`, `created_at`) VALUES ('79', '79', '1995-07-17 02:49:03');
INSERT INTO `communities_users` (`community_id`, `user_id`, `created_at`) VALUES ('80', '80', '1999-05-11 05:31:10');
INSERT INTO `communities_users` (`community_id`, `user_id`, `created_at`) VALUES ('81', '81', '2013-07-01 02:49:20');
INSERT INTO `communities_users` (`community_id`, `user_id`, `created_at`) VALUES ('82', '82', '2009-02-13 00:55:47');
INSERT INTO `communities_users` (`community_id`, `user_id`, `created_at`) VALUES ('83', '83', '2004-05-05 00:10:07');
INSERT INTO `communities_users` (`community_id`, `user_id`, `created_at`) VALUES ('84', '84', '1999-07-26 17:11:15');
INSERT INTO `communities_users` (`community_id`, `user_id`, `created_at`) VALUES ('85', '85', '2009-09-30 09:45:36');
INSERT INTO `communities_users` (`community_id`, `user_id`, `created_at`) VALUES ('86', '86', '2017-11-17 22:20:11');
INSERT INTO `communities_users` (`community_id`, `user_id`, `created_at`) VALUES ('87', '87', '1992-08-19 21:17:00');
INSERT INTO `communities_users` (`community_id`, `user_id`, `created_at`) VALUES ('88', '88', '2008-03-30 08:18:20');
INSERT INTO `communities_users` (`community_id`, `user_id`, `created_at`) VALUES ('89', '89', '1974-07-21 03:12:49');
INSERT INTO `communities_users` (`community_id`, `user_id`, `created_at`) VALUES ('90', '90', '1970-04-23 06:12:09');
INSERT INTO `communities_users` (`community_id`, `user_id`, `created_at`) VALUES ('91', '91', '2000-08-17 23:57:27');
INSERT INTO `communities_users` (`community_id`, `user_id`, `created_at`) VALUES ('92', '92', '2020-10-09 21:58:41');
INSERT INTO `communities_users` (`community_id`, `user_id`, `created_at`) VALUES ('93', '93', '2000-11-30 13:04:48');
INSERT INTO `communities_users` (`community_id`, `user_id`, `created_at`) VALUES ('94', '94', '2016-08-25 14:40:06');
INSERT INTO `communities_users` (`community_id`, `user_id`, `created_at`) VALUES ('95', '95', '1978-04-08 07:05:32');
INSERT INTO `communities_users` (`community_id`, `user_id`, `created_at`) VALUES ('96', '96', '2001-01-08 09:06:53');
INSERT INTO `communities_users` (`community_id`, `user_id`, `created_at`) VALUES ('97', '97', '2009-08-08 22:58:38');
INSERT INTO `communities_users` (`community_id`, `user_id`, `created_at`) VALUES ('98', '98', '2000-06-19 09:07:44');
INSERT INTO `communities_users` (`community_id`, `user_id`, `created_at`) VALUES ('99', '99', '2007-05-27 22:29:23');
INSERT INTO `communities_users` (`community_id`, `user_id`, `created_at`) VALUES ('100', '100', '1996-06-08 00:23:54');


#
# TABLE STRUCTURE FOR: friend_requests
#



INSERT INTO `friend_requests` (`from_user_id`, `to_user_id`, `accepted`) VALUES ('1', '1', 0);
INSERT INTO `friend_requests` (`from_user_id`, `to_user_id`, `accepted`) VALUES ('2', '2', 0);
INSERT INTO `friend_requests` (`from_user_id`, `to_user_id`, `accepted`) VALUES ('3', '3', 0);
INSERT INTO `friend_requests` (`from_user_id`, `to_user_id`, `accepted`) VALUES ('4', '4', 0);
INSERT INTO `friend_requests` (`from_user_id`, `to_user_id`, `accepted`) VALUES ('5', '5', 0);
INSERT INTO `friend_requests` (`from_user_id`, `to_user_id`, `accepted`) VALUES ('6', '6', 0);
INSERT INTO `friend_requests` (`from_user_id`, `to_user_id`, `accepted`) VALUES ('7', '7', 0);
INSERT INTO `friend_requests` (`from_user_id`, `to_user_id`, `accepted`) VALUES ('8', '8', 0);
INSERT INTO `friend_requests` (`from_user_id`, `to_user_id`, `accepted`) VALUES ('9', '9', 0);
INSERT INTO `friend_requests` (`from_user_id`, `to_user_id`, `accepted`) VALUES ('10', '10', 0);
INSERT INTO `friend_requests` (`from_user_id`, `to_user_id`, `accepted`) VALUES ('11', '11', 0);
INSERT INTO `friend_requests` (`from_user_id`, `to_user_id`, `accepted`) VALUES ('12', '12', 0);
INSERT INTO `friend_requests` (`from_user_id`, `to_user_id`, `accepted`) VALUES ('13', '13', 0);
INSERT INTO `friend_requests` (`from_user_id`, `to_user_id`, `accepted`) VALUES ('14', '14', 0);
INSERT INTO `friend_requests` (`from_user_id`, `to_user_id`, `accepted`) VALUES ('15', '15', 0);
INSERT INTO `friend_requests` (`from_user_id`, `to_user_id`, `accepted`) VALUES ('16', '16', 0);
INSERT INTO `friend_requests` (`from_user_id`, `to_user_id`, `accepted`) VALUES ('17', '17', 0);
INSERT INTO `friend_requests` (`from_user_id`, `to_user_id`, `accepted`) VALUES ('18', '18', 0);
INSERT INTO `friend_requests` (`from_user_id`, `to_user_id`, `accepted`) VALUES ('19', '19', 0);
INSERT INTO `friend_requests` (`from_user_id`, `to_user_id`, `accepted`) VALUES ('20', '20', 0);
INSERT INTO `friend_requests` (`from_user_id`, `to_user_id`, `accepted`) VALUES ('21', '21', 0);
INSERT INTO `friend_requests` (`from_user_id`, `to_user_id`, `accepted`) VALUES ('22', '22', 0);
INSERT INTO `friend_requests` (`from_user_id`, `to_user_id`, `accepted`) VALUES ('23', '23', 0);
INSERT INTO `friend_requests` (`from_user_id`, `to_user_id`, `accepted`) VALUES ('24', '24', 0);
INSERT INTO `friend_requests` (`from_user_id`, `to_user_id`, `accepted`) VALUES ('25', '25', 0);
INSERT INTO `friend_requests` (`from_user_id`, `to_user_id`, `accepted`) VALUES ('26', '26', 0);
INSERT INTO `friend_requests` (`from_user_id`, `to_user_id`, `accepted`) VALUES ('27', '27', 0);
INSERT INTO `friend_requests` (`from_user_id`, `to_user_id`, `accepted`) VALUES ('28', '28', 0);
INSERT INTO `friend_requests` (`from_user_id`, `to_user_id`, `accepted`) VALUES ('29', '29', 0);
INSERT INTO `friend_requests` (`from_user_id`, `to_user_id`, `accepted`) VALUES ('30', '30', 0);
INSERT INTO `friend_requests` (`from_user_id`, `to_user_id`, `accepted`) VALUES ('31', '31', 0);
INSERT INTO `friend_requests` (`from_user_id`, `to_user_id`, `accepted`) VALUES ('32', '32', 0);
INSERT INTO `friend_requests` (`from_user_id`, `to_user_id`, `accepted`) VALUES ('33', '33', 0);
INSERT INTO `friend_requests` (`from_user_id`, `to_user_id`, `accepted`) VALUES ('34', '34', 0);
INSERT INTO `friend_requests` (`from_user_id`, `to_user_id`, `accepted`) VALUES ('35', '35', 0);
INSERT INTO `friend_requests` (`from_user_id`, `to_user_id`, `accepted`) VALUES ('36', '36', 0);
INSERT INTO `friend_requests` (`from_user_id`, `to_user_id`, `accepted`) VALUES ('37', '37', 0);
INSERT INTO `friend_requests` (`from_user_id`, `to_user_id`, `accepted`) VALUES ('38', '38', 0);
INSERT INTO `friend_requests` (`from_user_id`, `to_user_id`, `accepted`) VALUES ('39', '39', 0);
INSERT INTO `friend_requests` (`from_user_id`, `to_user_id`, `accepted`) VALUES ('40', '40', 0);
INSERT INTO `friend_requests` (`from_user_id`, `to_user_id`, `accepted`) VALUES ('41', '41', 0);
INSERT INTO `friend_requests` (`from_user_id`, `to_user_id`, `accepted`) VALUES ('42', '42', 0);
INSERT INTO `friend_requests` (`from_user_id`, `to_user_id`, `accepted`) VALUES ('43', '43', 0);
INSERT INTO `friend_requests` (`from_user_id`, `to_user_id`, `accepted`) VALUES ('44', '44', 0);
INSERT INTO `friend_requests` (`from_user_id`, `to_user_id`, `accepted`) VALUES ('45', '45', 0);
INSERT INTO `friend_requests` (`from_user_id`, `to_user_id`, `accepted`) VALUES ('46', '46', 0);
INSERT INTO `friend_requests` (`from_user_id`, `to_user_id`, `accepted`) VALUES ('47', '47', 0);
INSERT INTO `friend_requests` (`from_user_id`, `to_user_id`, `accepted`) VALUES ('48', '48', 0);
INSERT INTO `friend_requests` (`from_user_id`, `to_user_id`, `accepted`) VALUES ('49', '49', 0);
INSERT INTO `friend_requests` (`from_user_id`, `to_user_id`, `accepted`) VALUES ('50', '50', 0);
INSERT INTO `friend_requests` (`from_user_id`, `to_user_id`, `accepted`) VALUES ('51', '51', 0);
INSERT INTO `friend_requests` (`from_user_id`, `to_user_id`, `accepted`) VALUES ('52', '52', 0);
INSERT INTO `friend_requests` (`from_user_id`, `to_user_id`, `accepted`) VALUES ('53', '53', 0);
INSERT INTO `friend_requests` (`from_user_id`, `to_user_id`, `accepted`) VALUES ('54', '54', 0);
INSERT INTO `friend_requests` (`from_user_id`, `to_user_id`, `accepted`) VALUES ('55', '55', 0);
INSERT INTO `friend_requests` (`from_user_id`, `to_user_id`, `accepted`) VALUES ('56', '56', 0);
INSERT INTO `friend_requests` (`from_user_id`, `to_user_id`, `accepted`) VALUES ('57', '57', 0);
INSERT INTO `friend_requests` (`from_user_id`, `to_user_id`, `accepted`) VALUES ('58', '58', 0);
INSERT INTO `friend_requests` (`from_user_id`, `to_user_id`, `accepted`) VALUES ('59', '59', 0);
INSERT INTO `friend_requests` (`from_user_id`, `to_user_id`, `accepted`) VALUES ('60', '60', 0);
INSERT INTO `friend_requests` (`from_user_id`, `to_user_id`, `accepted`) VALUES ('61', '61', 0);
INSERT INTO `friend_requests` (`from_user_id`, `to_user_id`, `accepted`) VALUES ('62', '62', 0);
INSERT INTO `friend_requests` (`from_user_id`, `to_user_id`, `accepted`) VALUES ('63', '63', 0);
INSERT INTO `friend_requests` (`from_user_id`, `to_user_id`, `accepted`) VALUES ('64', '64', 0);
INSERT INTO `friend_requests` (`from_user_id`, `to_user_id`, `accepted`) VALUES ('65', '65', 0);
INSERT INTO `friend_requests` (`from_user_id`, `to_user_id`, `accepted`) VALUES ('66', '66', 0);
INSERT INTO `friend_requests` (`from_user_id`, `to_user_id`, `accepted`) VALUES ('67', '67', 0);
INSERT INTO `friend_requests` (`from_user_id`, `to_user_id`, `accepted`) VALUES ('68', '68', 0);
INSERT INTO `friend_requests` (`from_user_id`, `to_user_id`, `accepted`) VALUES ('69', '69', 0);
INSERT INTO `friend_requests` (`from_user_id`, `to_user_id`, `accepted`) VALUES ('70', '70', 0);
INSERT INTO `friend_requests` (`from_user_id`, `to_user_id`, `accepted`) VALUES ('71', '71', 0);
INSERT INTO `friend_requests` (`from_user_id`, `to_user_id`, `accepted`) VALUES ('72', '72', 0);
INSERT INTO `friend_requests` (`from_user_id`, `to_user_id`, `accepted`) VALUES ('73', '73', 0);
INSERT INTO `friend_requests` (`from_user_id`, `to_user_id`, `accepted`) VALUES ('74', '74', 0);
INSERT INTO `friend_requests` (`from_user_id`, `to_user_id`, `accepted`) VALUES ('75', '75', 0);
INSERT INTO `friend_requests` (`from_user_id`, `to_user_id`, `accepted`) VALUES ('76', '76', 0);
INSERT INTO `friend_requests` (`from_user_id`, `to_user_id`, `accepted`) VALUES ('77', '77', 0);
INSERT INTO `friend_requests` (`from_user_id`, `to_user_id`, `accepted`) VALUES ('78', '78', 0);
INSERT INTO `friend_requests` (`from_user_id`, `to_user_id`, `accepted`) VALUES ('79', '79', 0);
INSERT INTO `friend_requests` (`from_user_id`, `to_user_id`, `accepted`) VALUES ('80', '80', 0);
INSERT INTO `friend_requests` (`from_user_id`, `to_user_id`, `accepted`) VALUES ('81', '81', 0);
INSERT INTO `friend_requests` (`from_user_id`, `to_user_id`, `accepted`) VALUES ('82', '82', 0);
INSERT INTO `friend_requests` (`from_user_id`, `to_user_id`, `accepted`) VALUES ('83', '83', 0);
INSERT INTO `friend_requests` (`from_user_id`, `to_user_id`, `accepted`) VALUES ('84', '84', 0);
INSERT INTO `friend_requests` (`from_user_id`, `to_user_id`, `accepted`) VALUES ('85', '85', 0);
INSERT INTO `friend_requests` (`from_user_id`, `to_user_id`, `accepted`) VALUES ('86', '86', 0);
INSERT INTO `friend_requests` (`from_user_id`, `to_user_id`, `accepted`) VALUES ('87', '87', 0);
INSERT INTO `friend_requests` (`from_user_id`, `to_user_id`, `accepted`) VALUES ('88', '88', 0);
INSERT INTO `friend_requests` (`from_user_id`, `to_user_id`, `accepted`) VALUES ('89', '89', 0);
INSERT INTO `friend_requests` (`from_user_id`, `to_user_id`, `accepted`) VALUES ('90', '90', 0);
INSERT INTO `friend_requests` (`from_user_id`, `to_user_id`, `accepted`) VALUES ('91', '91', 0);
INSERT INTO `friend_requests` (`from_user_id`, `to_user_id`, `accepted`) VALUES ('92', '92', 0);
INSERT INTO `friend_requests` (`from_user_id`, `to_user_id`, `accepted`) VALUES ('93', '93', 0);
INSERT INTO `friend_requests` (`from_user_id`, `to_user_id`, `accepted`) VALUES ('94', '94', 0);
INSERT INTO `friend_requests` (`from_user_id`, `to_user_id`, `accepted`) VALUES ('95', '95', 0);
INSERT INTO `friend_requests` (`from_user_id`, `to_user_id`, `accepted`) VALUES ('96', '96', 0);
INSERT INTO `friend_requests` (`from_user_id`, `to_user_id`, `accepted`) VALUES ('97', '97', 0);
INSERT INTO `friend_requests` (`from_user_id`, `to_user_id`, `accepted`) VALUES ('98', '98', 0);
INSERT INTO `friend_requests` (`from_user_id`, `to_user_id`, `accepted`) VALUES ('99', '99', 0);
INSERT INTO `friend_requests` (`from_user_id`, `to_user_id`, `accepted`) VALUES ('100', '100', 0);


#
# TABLE STRUCTURE FOR: media
#


INSERT INTO `media` (`id`, `user_id`, `media_types_id`, `file_name`, `file_size`, `created_at`) VALUES ('1', '1', 1, 'quia', '734955905', '1975-07-10 10:13:45');
INSERT INTO `media` (`id`, `user_id`, `media_types_id`, `file_name`, `file_size`, `created_at`) VALUES ('2', '2', 2, 'soluta', '2', '2004-07-20 02:47:26');
INSERT INTO `media` (`id`, `user_id`, `media_types_id`, `file_name`, `file_size`, `created_at`) VALUES ('3', '3', 3, 'est', '87', '1984-01-27 19:56:30');
INSERT INTO `media` (`id`, `user_id`, `media_types_id`, `file_name`, `file_size`, `created_at`) VALUES ('4', '4', 4, 'qui', '4553', '2002-02-13 09:44:25');
INSERT INTO `media` (`id`, `user_id`, `media_types_id`, `file_name`, `file_size`, `created_at`) VALUES ('5', '5', 5, 'aut', '819', '1975-07-11 23:45:52');
INSERT INTO `media` (`id`, `user_id`, `media_types_id`, `file_name`, `file_size`, `created_at`) VALUES ('6', '6', 6, 'aliquid', '1182', '1988-01-12 21:14:24');
INSERT INTO `media` (`id`, `user_id`, `media_types_id`, `file_name`, `file_size`, `created_at`) VALUES ('7', '7', 7, 'quia', '1', '2014-09-20 17:26:47');
INSERT INTO `media` (`id`, `user_id`, `media_types_id`, `file_name`, `file_size`, `created_at`) VALUES ('8', '8', 8, 'illo', '199115869', '1970-12-12 04:18:44');
INSERT INTO `media` (`id`, `user_id`, `media_types_id`, `file_name`, `file_size`, `created_at`) VALUES ('9', '9', 9, 'quo', '2', '2009-02-19 21:02:12');
INSERT INTO `media` (`id`, `user_id`, `media_types_id`, `file_name`, `file_size`, `created_at`) VALUES ('10', '10', 10, 'autem', '1155', '2017-05-25 03:41:50');
INSERT INTO `media` (`id`, `user_id`, `media_types_id`, `file_name`, `file_size`, `created_at`) VALUES ('11', '11', 11, 'facilis', '27', '2003-08-09 14:58:28');
INSERT INTO `media` (`id`, `user_id`, `media_types_id`, `file_name`, `file_size`, `created_at`) VALUES ('12', '12', 12, 'qui', '1226', '2001-05-08 16:19:08');
INSERT INTO `media` (`id`, `user_id`, `media_types_id`, `file_name`, `file_size`, `created_at`) VALUES ('13', '13', 13, 'ipsa', '46839337', '2002-12-22 05:24:11');
INSERT INTO `media` (`id`, `user_id`, `media_types_id`, `file_name`, `file_size`, `created_at`) VALUES ('14', '14', 14, 'voluptatum', '60021', '1992-03-11 08:00:44');
INSERT INTO `media` (`id`, `user_id`, `media_types_id`, `file_name`, `file_size`, `created_at`) VALUES ('15', '15', 15, 'voluptas', '605125554', '2012-06-25 06:03:51');
INSERT INTO `media` (`id`, `user_id`, `media_types_id`, `file_name`, `file_size`, `created_at`) VALUES ('16', '16', 16, 'sed', '747', '2010-12-20 04:07:34');
INSERT INTO `media` (`id`, `user_id`, `media_types_id`, `file_name`, `file_size`, `created_at`) VALUES ('17', '17', 17, 'neque', '67', '1990-04-16 12:40:32');
INSERT INTO `media` (`id`, `user_id`, `media_types_id`, `file_name`, `file_size`, `created_at`) VALUES ('18', '18', 18, 'necessitatibus', '6', '1979-04-30 14:54:55');
INSERT INTO `media` (`id`, `user_id`, `media_types_id`, `file_name`, `file_size`, `created_at`) VALUES ('19', '19', 19, 'officiis', '744757', '2009-08-24 20:15:57');
INSERT INTO `media` (`id`, `user_id`, `media_types_id`, `file_name`, `file_size`, `created_at`) VALUES ('20', '20', 20, 'laborum', '65306879', '1978-07-13 06:30:55');
INSERT INTO `media` (`id`, `user_id`, `media_types_id`, `file_name`, `file_size`, `created_at`) VALUES ('21', '21', 21, 'sequi', '8604', '1975-05-23 20:51:23');
INSERT INTO `media` (`id`, `user_id`, `media_types_id`, `file_name`, `file_size`, `created_at`) VALUES ('22', '22', 22, 'voluptate', '12', '2007-10-12 22:37:19');
INSERT INTO `media` (`id`, `user_id`, `media_types_id`, `file_name`, `file_size`, `created_at`) VALUES ('23', '23', 23, 'iusto', '953', '1988-10-19 04:44:38');
INSERT INTO `media` (`id`, `user_id`, `media_types_id`, `file_name`, `file_size`, `created_at`) VALUES ('24', '24', 24, 'nostrum', '948042', '1999-08-26 14:50:07');
INSERT INTO `media` (`id`, `user_id`, `media_types_id`, `file_name`, `file_size`, `created_at`) VALUES ('25', '25', 25, 'optio', '218853', '1997-04-11 12:13:00');
INSERT INTO `media` (`id`, `user_id`, `media_types_id`, `file_name`, `file_size`, `created_at`) VALUES ('26', '26', 26, 'eum', '9548079', '2011-12-12 18:43:11');
INSERT INTO `media` (`id`, `user_id`, `media_types_id`, `file_name`, `file_size`, `created_at`) VALUES ('27', '27', 27, 'dolor', '361', '1989-08-14 14:28:42');
INSERT INTO `media` (`id`, `user_id`, `media_types_id`, `file_name`, `file_size`, `created_at`) VALUES ('28', '28', 28, 'dolores', '89', '2003-04-08 07:17:31');
INSERT INTO `media` (`id`, `user_id`, `media_types_id`, `file_name`, `file_size`, `created_at`) VALUES ('29', '29', 29, 'dolorem', '85', '1998-09-08 23:04:23');
INSERT INTO `media` (`id`, `user_id`, `media_types_id`, `file_name`, `file_size`, `created_at`) VALUES ('30', '30', 30, 'et', '7060', '1994-03-17 03:55:13');
INSERT INTO `media` (`id`, `user_id`, `media_types_id`, `file_name`, `file_size`, `created_at`) VALUES ('31', '31', 31, 'unde', '971063', '1984-01-31 07:23:01');
INSERT INTO `media` (`id`, `user_id`, `media_types_id`, `file_name`, `file_size`, `created_at`) VALUES ('32', '32', 32, 'fuga', '11702', '1973-12-23 02:07:45');
INSERT INTO `media` (`id`, `user_id`, `media_types_id`, `file_name`, `file_size`, `created_at`) VALUES ('33', '33', 33, 'asperiores', '29', '1974-08-21 02:01:27');
INSERT INTO `media` (`id`, `user_id`, `media_types_id`, `file_name`, `file_size`, `created_at`) VALUES ('34', '34', 34, 'sequi', '68276', '2013-04-25 15:33:31');
INSERT INTO `media` (`id`, `user_id`, `media_types_id`, `file_name`, `file_size`, `created_at`) VALUES ('35', '35', 35, 'asperiores', '7226', '2013-03-27 16:11:37');
INSERT INTO `media` (`id`, `user_id`, `media_types_id`, `file_name`, `file_size`, `created_at`) VALUES ('36', '36', 36, 'expedita', '7885', '1979-01-20 07:06:32');
INSERT INTO `media` (`id`, `user_id`, `media_types_id`, `file_name`, `file_size`, `created_at`) VALUES ('37', '37', 37, 'reiciendis', '95', '2013-12-13 00:35:50');
INSERT INTO `media` (`id`, `user_id`, `media_types_id`, `file_name`, `file_size`, `created_at`) VALUES ('38', '38', 38, 'iusto', '436790196', '2009-09-03 03:09:03');
INSERT INTO `media` (`id`, `user_id`, `media_types_id`, `file_name`, `file_size`, `created_at`) VALUES ('39', '39', 39, 'maiores', '1123', '1998-02-26 22:58:49');
INSERT INTO `media` (`id`, `user_id`, `media_types_id`, `file_name`, `file_size`, `created_at`) VALUES ('40', '40', 40, 'recusandae', '2668', '2005-09-23 17:11:08');
INSERT INTO `media` (`id`, `user_id`, `media_types_id`, `file_name`, `file_size`, `created_at`) VALUES ('41', '41', 41, 'sit', '48708947', '1975-03-23 02:09:26');
INSERT INTO `media` (`id`, `user_id`, `media_types_id`, `file_name`, `file_size`, `created_at`) VALUES ('42', '42', 42, 'est', '89', '1976-05-20 21:28:07');
INSERT INTO `media` (`id`, `user_id`, `media_types_id`, `file_name`, `file_size`, `created_at`) VALUES ('43', '43', 43, 'saepe', '4', '2004-01-08 11:43:52');
INSERT INTO `media` (`id`, `user_id`, `media_types_id`, `file_name`, `file_size`, `created_at`) VALUES ('44', '44', 44, 'in', '34514172', '2004-01-08 06:39:25');
INSERT INTO `media` (`id`, `user_id`, `media_types_id`, `file_name`, `file_size`, `created_at`) VALUES ('45', '45', 45, 'placeat', '7632123', '1989-09-19 23:48:30');
INSERT INTO `media` (`id`, `user_id`, `media_types_id`, `file_name`, `file_size`, `created_at`) VALUES ('46', '46', 46, 'similique', '1763', '1974-12-27 08:36:38');
INSERT INTO `media` (`id`, `user_id`, `media_types_id`, `file_name`, `file_size`, `created_at`) VALUES ('47', '47', 47, 'vel', '9', '1985-08-15 21:21:23');
INSERT INTO `media` (`id`, `user_id`, `media_types_id`, `file_name`, `file_size`, `created_at`) VALUES ('48', '48', 48, 'adipisci', '2449951', '2008-01-03 17:44:42');
INSERT INTO `media` (`id`, `user_id`, `media_types_id`, `file_name`, `file_size`, `created_at`) VALUES ('49', '49', 49, 'labore', '23356147', '1986-12-05 05:57:53');
INSERT INTO `media` (`id`, `user_id`, `media_types_id`, `file_name`, `file_size`, `created_at`) VALUES ('50', '50', 50, 'est', '3744', '2017-11-30 10:14:53');
INSERT INTO `media` (`id`, `user_id`, `media_types_id`, `file_name`, `file_size`, `created_at`) VALUES ('51', '51', 51, 'esse', '24819', '1973-08-14 10:12:34');
INSERT INTO `media` (`id`, `user_id`, `media_types_id`, `file_name`, `file_size`, `created_at`) VALUES ('52', '52', 52, 'dolores', '39969958', '1973-10-12 04:18:21');
INSERT INTO `media` (`id`, `user_id`, `media_types_id`, `file_name`, `file_size`, `created_at`) VALUES ('53', '53', 53, 'eos', '1', '1988-04-27 07:08:52');
INSERT INTO `media` (`id`, `user_id`, `media_types_id`, `file_name`, `file_size`, `created_at`) VALUES ('54', '54', 54, 'voluptates', '262578', '1996-03-25 22:18:29');
INSERT INTO `media` (`id`, `user_id`, `media_types_id`, `file_name`, `file_size`, `created_at`) VALUES ('55', '55', 55, 'nobis', '2761', '2016-05-22 04:36:40');
INSERT INTO `media` (`id`, `user_id`, `media_types_id`, `file_name`, `file_size`, `created_at`) VALUES ('56', '56', 56, 'dignissimos', '761111758', '1986-03-31 10:46:34');
INSERT INTO `media` (`id`, `user_id`, `media_types_id`, `file_name`, `file_size`, `created_at`) VALUES ('57', '57', 57, 'nihil', '4426', '1980-01-30 09:56:06');
INSERT INTO `media` (`id`, `user_id`, `media_types_id`, `file_name`, `file_size`, `created_at`) VALUES ('58', '58', 58, 'sit', '8462', '1989-03-23 17:50:38');
INSERT INTO `media` (`id`, `user_id`, `media_types_id`, `file_name`, `file_size`, `created_at`) VALUES ('59', '59', 59, 'quo', '0', '2000-06-03 23:25:52');
INSERT INTO `media` (`id`, `user_id`, `media_types_id`, `file_name`, `file_size`, `created_at`) VALUES ('60', '60', 60, 'voluptatem', '6923', '1996-07-16 13:05:29');
INSERT INTO `media` (`id`, `user_id`, `media_types_id`, `file_name`, `file_size`, `created_at`) VALUES ('61', '61', 61, 'et', '66040763', '1973-03-13 13:56:07');
INSERT INTO `media` (`id`, `user_id`, `media_types_id`, `file_name`, `file_size`, `created_at`) VALUES ('62', '62', 62, 'qui', '9', '2016-05-03 08:27:46');
INSERT INTO `media` (`id`, `user_id`, `media_types_id`, `file_name`, `file_size`, `created_at`) VALUES ('63', '63', 63, 'et', '1', '2003-05-20 10:57:30');
INSERT INTO `media` (`id`, `user_id`, `media_types_id`, `file_name`, `file_size`, `created_at`) VALUES ('64', '64', 64, 'beatae', '21', '1992-01-01 11:54:43');
INSERT INTO `media` (`id`, `user_id`, `media_types_id`, `file_name`, `file_size`, `created_at`) VALUES ('65', '65', 65, 'aperiam', '197844', '1990-01-08 18:51:45');
INSERT INTO `media` (`id`, `user_id`, `media_types_id`, `file_name`, `file_size`, `created_at`) VALUES ('66', '66', 66, 'error', '42784', '1974-06-25 11:55:00');
INSERT INTO `media` (`id`, `user_id`, `media_types_id`, `file_name`, `file_size`, `created_at`) VALUES ('67', '67', 67, 'sint', '82224951', '1989-05-16 12:01:29');
INSERT INTO `media` (`id`, `user_id`, `media_types_id`, `file_name`, `file_size`, `created_at`) VALUES ('68', '68', 68, 'repudiandae', '69', '2019-10-26 20:29:46');
INSERT INTO `media` (`id`, `user_id`, `media_types_id`, `file_name`, `file_size`, `created_at`) VALUES ('69', '69', 69, 'qui', '91976', '1981-03-27 17:37:28');
INSERT INTO `media` (`id`, `user_id`, `media_types_id`, `file_name`, `file_size`, `created_at`) VALUES ('70', '70', 70, 'quia', '41589214', '2006-12-04 16:17:44');
INSERT INTO `media` (`id`, `user_id`, `media_types_id`, `file_name`, `file_size`, `created_at`) VALUES ('71', '71', 71, 'beatae', '3353', '1995-03-05 17:42:25');
INSERT INTO `media` (`id`, `user_id`, `media_types_id`, `file_name`, `file_size`, `created_at`) VALUES ('72', '72', 72, 'et', '5813176', '2007-08-28 03:51:33');
INSERT INTO `media` (`id`, `user_id`, `media_types_id`, `file_name`, `file_size`, `created_at`) VALUES ('73', '73', 73, 'magni', '24', '2003-11-16 08:36:21');
INSERT INTO `media` (`id`, `user_id`, `media_types_id`, `file_name`, `file_size`, `created_at`) VALUES ('74', '74', 74, 'dolores', '668', '1981-02-20 14:41:43');
INSERT INTO `media` (`id`, `user_id`, `media_types_id`, `file_name`, `file_size`, `created_at`) VALUES ('75', '75', 75, 'ullam', '26717', '2019-09-21 19:04:48');
INSERT INTO `media` (`id`, `user_id`, `media_types_id`, `file_name`, `file_size`, `created_at`) VALUES ('76', '76', 76, 'possimus', '0', '2020-10-31 05:39:35');
INSERT INTO `media` (`id`, `user_id`, `media_types_id`, `file_name`, `file_size`, `created_at`) VALUES ('77', '77', 77, 'eos', '5', '2019-11-02 01:34:59');
INSERT INTO `media` (`id`, `user_id`, `media_types_id`, `file_name`, `file_size`, `created_at`) VALUES ('78', '78', 78, 'iure', '710627', '2010-09-01 13:35:14');
INSERT INTO `media` (`id`, `user_id`, `media_types_id`, `file_name`, `file_size`, `created_at`) VALUES ('79', '79', 79, 'aut', '199', '1984-10-24 10:10:26');
INSERT INTO `media` (`id`, `user_id`, `media_types_id`, `file_name`, `file_size`, `created_at`) VALUES ('80', '80', 80, 'recusandae', '471026331', '1989-06-06 09:47:30');
INSERT INTO `media` (`id`, `user_id`, `media_types_id`, `file_name`, `file_size`, `created_at`) VALUES ('81', '81', 81, 'et', '42848616', '1978-07-31 13:23:57');
INSERT INTO `media` (`id`, `user_id`, `media_types_id`, `file_name`, `file_size`, `created_at`) VALUES ('82', '82', 82, 'omnis', '5652910', '1982-04-01 10:21:12');
INSERT INTO `media` (`id`, `user_id`, `media_types_id`, `file_name`, `file_size`, `created_at`) VALUES ('83', '83', 83, 'voluptas', '879263268', '1993-03-14 16:16:07');
INSERT INTO `media` (`id`, `user_id`, `media_types_id`, `file_name`, `file_size`, `created_at`) VALUES ('84', '84', 84, 'assumenda', '303453282', '1998-09-10 12:02:45');
INSERT INTO `media` (`id`, `user_id`, `media_types_id`, `file_name`, `file_size`, `created_at`) VALUES ('85', '85', 85, 'laborum', '4891', '2002-01-02 18:38:53');
INSERT INTO `media` (`id`, `user_id`, `media_types_id`, `file_name`, `file_size`, `created_at`) VALUES ('86', '86', 86, 'et', '1', '1970-04-01 07:44:10');
INSERT INTO `media` (`id`, `user_id`, `media_types_id`, `file_name`, `file_size`, `created_at`) VALUES ('87', '87', 87, 'consequuntur', '64253937', '1981-04-08 17:40:00');
INSERT INTO `media` (`id`, `user_id`, `media_types_id`, `file_name`, `file_size`, `created_at`) VALUES ('88', '88', 88, 'non', '0', '1973-12-04 14:59:36');
INSERT INTO `media` (`id`, `user_id`, `media_types_id`, `file_name`, `file_size`, `created_at`) VALUES ('89', '89', 89, 'officiis', '671719', '1981-01-11 07:40:44');
INSERT INTO `media` (`id`, `user_id`, `media_types_id`, `file_name`, `file_size`, `created_at`) VALUES ('90', '90', 90, 'ullam', '6576', '1974-03-13 21:33:38');
INSERT INTO `media` (`id`, `user_id`, `media_types_id`, `file_name`, `file_size`, `created_at`) VALUES ('91', '91', 91, 'sapiente', '3', '1995-12-13 23:01:27');
INSERT INTO `media` (`id`, `user_id`, `media_types_id`, `file_name`, `file_size`, `created_at`) VALUES ('92', '92', 92, 'eum', '1732062', '1985-05-11 10:54:31');
INSERT INTO `media` (`id`, `user_id`, `media_types_id`, `file_name`, `file_size`, `created_at`) VALUES ('93', '93', 93, 'animi', '39714', '2020-02-12 02:45:27');
INSERT INTO `media` (`id`, `user_id`, `media_types_id`, `file_name`, `file_size`, `created_at`) VALUES ('94', '94', 94, 'mollitia', '9450180', '2000-10-22 20:25:07');
INSERT INTO `media` (`id`, `user_id`, `media_types_id`, `file_name`, `file_size`, `created_at`) VALUES ('95', '95', 95, 'vero', '507370487', '1991-05-23 19:00:32');
INSERT INTO `media` (`id`, `user_id`, `media_types_id`, `file_name`, `file_size`, `created_at`) VALUES ('96', '96', 96, 'repellendus', '9', '1973-09-04 14:01:51');
INSERT INTO `media` (`id`, `user_id`, `media_types_id`, `file_name`, `file_size`, `created_at`) VALUES ('97', '97', 97, 'totam', '561', '2020-04-09 05:23:11');
INSERT INTO `media` (`id`, `user_id`, `media_types_id`, `file_name`, `file_size`, `created_at`) VALUES ('98', '98', 98, 'impedit', '272773', '2013-07-18 05:49:56');
INSERT INTO `media` (`id`, `user_id`, `media_types_id`, `file_name`, `file_size`, `created_at`) VALUES ('99', '99', 99, 'sit', '3', '2018-11-10 21:50:50');
INSERT INTO `media` (`id`, `user_id`, `media_types_id`, `file_name`, `file_size`, `created_at`) VALUES ('100', '100', 100, 'voluptatem', '20', '2006-04-18 18:20:16');


#
# TABLE STRUCTURE FOR: media_types
#


INSERT INTO `media_types` (`id`, `name`) VALUES (62, 'accusamus');
INSERT INTO `media_types` (`id`, `name`) VALUES (56, 'ad');
INSERT INTO `media_types` (`id`, `name`) VALUES (22, 'animi');
INSERT INTO `media_types` (`id`, `name`) VALUES (53, 'assumenda');
INSERT INTO `media_types` (`id`, `name`) VALUES (72, 'at');
INSERT INTO `media_types` (`id`, `name`) VALUES (18, 'aut');
INSERT INTO `media_types` (`id`, `name`) VALUES (14, 'autem');
INSERT INTO `media_types` (`id`, `name`) VALUES (16, 'beatae');
INSERT INTO `media_types` (`id`, `name`) VALUES (6, 'consectetur');
INSERT INTO `media_types` (`id`, `name`) VALUES (1, 'consequatur');
INSERT INTO `media_types` (`id`, `name`) VALUES (32, 'consequuntur');
INSERT INTO `media_types` (`id`, `name`) VALUES (29, 'corporis');
INSERT INTO `media_types` (`id`, `name`) VALUES (39, 'cum');
INSERT INTO `media_types` (`id`, `name`) VALUES (46, 'cumque');
INSERT INTO `media_types` (`id`, `name`) VALUES (36, 'cupiditate');
INSERT INTO `media_types` (`id`, `name`) VALUES (41, 'delectus');
INSERT INTO `media_types` (`id`, `name`) VALUES (69, 'distinctio');
INSERT INTO `media_types` (`id`, `name`) VALUES (95, 'dolor');
INSERT INTO `media_types` (`id`, `name`) VALUES (21, 'dolorem');
INSERT INTO `media_types` (`id`, `name`) VALUES (13, 'doloremque');
INSERT INTO `media_types` (`id`, `name`) VALUES (65, 'dolores');
INSERT INTO `media_types` (`id`, `name`) VALUES (4, 'doloribus');
INSERT INTO `media_types` (`id`, `name`) VALUES (93, 'ducimus');
INSERT INTO `media_types` (`id`, `name`) VALUES (57, 'ea');
INSERT INTO `media_types` (`id`, `name`) VALUES (86, 'eligendi');
INSERT INTO `media_types` (`id`, `name`) VALUES (63, 'enim');
INSERT INTO `media_types` (`id`, `name`) VALUES (96, 'error');
INSERT INTO `media_types` (`id`, `name`) VALUES (59, 'est');
INSERT INTO `media_types` (`id`, `name`) VALUES (7, 'et');
INSERT INTO `media_types` (`id`, `name`) VALUES (33, 'eum');
INSERT INTO `media_types` (`id`, `name`) VALUES (61, 'eveniet');
INSERT INTO `media_types` (`id`, `name`) VALUES (58, 'excepturi');
INSERT INTO `media_types` (`id`, `name`) VALUES (100, 'facilis');
INSERT INTO `media_types` (`id`, `name`) VALUES (25, 'fuga');
INSERT INTO `media_types` (`id`, `name`) VALUES (52, 'fugiat');
INSERT INTO `media_types` (`id`, `name`) VALUES (76, 'fugit');
INSERT INTO `media_types` (`id`, `name`) VALUES (42, 'harum');
INSERT INTO `media_types` (`id`, `name`) VALUES (23, 'id');
INSERT INTO `media_types` (`id`, `name`) VALUES (34, 'illo');
INSERT INTO `media_types` (`id`, `name`) VALUES (88, 'illum');
INSERT INTO `media_types` (`id`, `name`) VALUES (49, 'impedit');
INSERT INTO `media_types` (`id`, `name`) VALUES (11, 'in');
INSERT INTO `media_types` (`id`, `name`) VALUES (60, 'incidunt');
INSERT INTO `media_types` (`id`, `name`) VALUES (40, 'ipsa');
INSERT INTO `media_types` (`id`, `name`) VALUES (71, 'ipsum');
INSERT INTO `media_types` (`id`, `name`) VALUES (10, 'iste');
INSERT INTO `media_types` (`id`, `name`) VALUES (70, 'itaque');
INSERT INTO `media_types` (`id`, `name`) VALUES (75, 'iure');
INSERT INTO `media_types` (`id`, `name`) VALUES (97, 'iusto');
INSERT INTO `media_types` (`id`, `name`) VALUES (83, 'laboriosam');
INSERT INTO `media_types` (`id`, `name`) VALUES (92, 'laudantium');
INSERT INTO `media_types` (`id`, `name`) VALUES (67, 'libero');
INSERT INTO `media_types` (`id`, `name`) VALUES (5, 'magnam');
INSERT INTO `media_types` (`id`, `name`) VALUES (26, 'magni');
INSERT INTO `media_types` (`id`, `name`) VALUES (81, 'maxime');
INSERT INTO `media_types` (`id`, `name`) VALUES (66, 'minima');
INSERT INTO `media_types` (`id`, `name`) VALUES (19, 'modi');
INSERT INTO `media_types` (`id`, `name`) VALUES (20, 'mollitia');
INSERT INTO `media_types` (`id`, `name`) VALUES (94, 'nam');
INSERT INTO `media_types` (`id`, `name`) VALUES (89, 'necessitatibus');
INSERT INTO `media_types` (`id`, `name`) VALUES (74, 'nemo');
INSERT INTO `media_types` (`id`, `name`) VALUES (43, 'neque');
INSERT INTO `media_types` (`id`, `name`) VALUES (98, 'nihil');
INSERT INTO `media_types` (`id`, `name`) VALUES (84, 'nisi');
INSERT INTO `media_types` (`id`, `name`) VALUES (12, 'nobis');
INSERT INTO `media_types` (`id`, `name`) VALUES (3, 'non');
INSERT INTO `media_types` (`id`, `name`) VALUES (47, 'nostrum');
INSERT INTO `media_types` (`id`, `name`) VALUES (45, 'numquam');
INSERT INTO `media_types` (`id`, `name`) VALUES (8, 'occaecati');
INSERT INTO `media_types` (`id`, `name`) VALUES (28, 'odio');
INSERT INTO `media_types` (`id`, `name`) VALUES (80, 'officiis');
INSERT INTO `media_types` (`id`, `name`) VALUES (54, 'omnis');
INSERT INTO `media_types` (`id`, `name`) VALUES (35, 'placeat');
INSERT INTO `media_types` (`id`, `name`) VALUES (85, 'porro');
INSERT INTO `media_types` (`id`, `name`) VALUES (55, 'provident');
INSERT INTO `media_types` (`id`, `name`) VALUES (51, 'qui');
INSERT INTO `media_types` (`id`, `name`) VALUES (31, 'quia');
INSERT INTO `media_types` (`id`, `name`) VALUES (9, 'quibusdam');
INSERT INTO `media_types` (`id`, `name`) VALUES (48, 'quis');
INSERT INTO `media_types` (`id`, `name`) VALUES (91, 'quisquam');
INSERT INTO `media_types` (`id`, `name`) VALUES (37, 'quo');
INSERT INTO `media_types` (`id`, `name`) VALUES (24, 'ratione');
INSERT INTO `media_types` (`id`, `name`) VALUES (87, 'recusandae');
INSERT INTO `media_types` (`id`, `name`) VALUES (38, 'repudiandae');
INSERT INTO `media_types` (`id`, `name`) VALUES (77, 'rerum');
INSERT INTO `media_types` (`id`, `name`) VALUES (73, 'sed');
INSERT INTO `media_types` (`id`, `name`) VALUES (78, 'sequi');
INSERT INTO `media_types` (`id`, `name`) VALUES (68, 'similique');
INSERT INTO `media_types` (`id`, `name`) VALUES (30, 'sit');
INSERT INTO `media_types` (`id`, `name`) VALUES (79, 'sunt');
INSERT INTO `media_types` (`id`, `name`) VALUES (27, 'suscipit');
INSERT INTO `media_types` (`id`, `name`) VALUES (82, 'tempore');
INSERT INTO `media_types` (`id`, `name`) VALUES (99, 'ullam');
INSERT INTO `media_types` (`id`, `name`) VALUES (15, 'ut');
INSERT INTO `media_types` (`id`, `name`) VALUES (90, 'velit');
INSERT INTO `media_types` (`id`, `name`) VALUES (50, 'vero');
INSERT INTO `media_types` (`id`, `name`) VALUES (17, 'vitae');
INSERT INTO `media_types` (`id`, `name`) VALUES (64, 'voluptas');
INSERT INTO `media_types` (`id`, `name`) VALUES (44, 'voluptate');
INSERT INTO `media_types` (`id`, `name`) VALUES (2, 'voluptatem');


#
# TABLE STRUCTURE FOR: messages
#


INSERT INTO `messages` (`id`, `from_user_id`, `to_user_id`, `txt`, `is_delivered`, `created_at`, `updated_at`) VALUES ('1', '1', '1', '2', 1, '1976-09-30 14:25:39', '2017-03-08 11:14:07');
INSERT INTO `messages` (`id`, `from_user_id`, `to_user_id`, `txt`, `is_delivered`, `created_at`, `updated_at`) VALUES ('2', '2', '2', '7', 1, '1984-11-22 18:59:56', '1989-06-13 08:27:09');
INSERT INTO `messages` (`id`, `from_user_id`, `to_user_id`, `txt`, `is_delivered`, `created_at`, `updated_at`) VALUES ('3', '3', '3', '6', 0, '2008-05-26 02:11:12', '1989-07-01 02:21:29');
INSERT INTO `messages` (`id`, `from_user_id`, `to_user_id`, `txt`, `is_delivered`, `created_at`, `updated_at`) VALUES ('4', '4', '4', '1', 1, '1975-10-01 15:13:40', '1986-12-29 23:24:28');
INSERT INTO `messages` (`id`, `from_user_id`, `to_user_id`, `txt`, `is_delivered`, `created_at`, `updated_at`) VALUES ('5', '5', '5', '3', 0, '1973-11-17 15:15:16', '2013-10-16 15:22:00');
INSERT INTO `messages` (`id`, `from_user_id`, `to_user_id`, `txt`, `is_delivered`, `created_at`, `updated_at`) VALUES ('6', '6', '6', '1', 0, '2012-09-11 05:46:45', '1978-12-26 19:06:29');
INSERT INTO `messages` (`id`, `from_user_id`, `to_user_id`, `txt`, `is_delivered`, `created_at`, `updated_at`) VALUES ('7', '7', '7', '2', 1, '1978-12-04 04:47:31', '2009-12-04 13:22:16');
INSERT INTO `messages` (`id`, `from_user_id`, `to_user_id`, `txt`, `is_delivered`, `created_at`, `updated_at`) VALUES ('8', '8', '8', '6', 0, '2001-05-17 04:34:36', '1998-07-01 10:55:20');
INSERT INTO `messages` (`id`, `from_user_id`, `to_user_id`, `txt`, `is_delivered`, `created_at`, `updated_at`) VALUES ('9', '9', '9', '7', 0, '1996-03-01 11:20:04', '2010-02-15 07:10:38');
INSERT INTO `messages` (`id`, `from_user_id`, `to_user_id`, `txt`, `is_delivered`, `created_at`, `updated_at`) VALUES ('10', '10', '10', '9', 1, '2020-03-24 14:13:28', '1975-05-29 14:49:28');
INSERT INTO `messages` (`id`, `from_user_id`, `to_user_id`, `txt`, `is_delivered`, `created_at`, `updated_at`) VALUES ('11', '11', '11', '', 1, '2003-11-29 09:02:32', '1985-10-07 15:04:09');
INSERT INTO `messages` (`id`, `from_user_id`, `to_user_id`, `txt`, `is_delivered`, `created_at`, `updated_at`) VALUES ('12', '12', '12', '5', 0, '1970-12-07 21:50:34', '2000-09-26 00:31:19');
INSERT INTO `messages` (`id`, `from_user_id`, `to_user_id`, `txt`, `is_delivered`, `created_at`, `updated_at`) VALUES ('13', '13', '13', '9', 0, '1993-11-21 00:43:30', '1982-12-20 04:44:48');
INSERT INTO `messages` (`id`, `from_user_id`, `to_user_id`, `txt`, `is_delivered`, `created_at`, `updated_at`) VALUES ('14', '14', '14', '', 0, '1971-06-01 07:01:33', '2009-03-16 13:20:36');
INSERT INTO `messages` (`id`, `from_user_id`, `to_user_id`, `txt`, `is_delivered`, `created_at`, `updated_at`) VALUES ('15', '15', '15', '1', 1, '1983-07-08 03:33:00', '2021-08-03 04:41:42');
INSERT INTO `messages` (`id`, `from_user_id`, `to_user_id`, `txt`, `is_delivered`, `created_at`, `updated_at`) VALUES ('16', '16', '16', '7', 1, '1985-12-17 13:45:10', '1982-01-11 18:21:32');
INSERT INTO `messages` (`id`, `from_user_id`, `to_user_id`, `txt`, `is_delivered`, `created_at`, `updated_at`) VALUES ('17', '17', '17', '6', 0, '1981-02-26 17:05:20', '1979-04-10 19:53:27');
INSERT INTO `messages` (`id`, `from_user_id`, `to_user_id`, `txt`, `is_delivered`, `created_at`, `updated_at`) VALUES ('18', '18', '18', '1', 1, '2008-08-20 18:38:52', '1986-06-11 07:58:49');
INSERT INTO `messages` (`id`, `from_user_id`, `to_user_id`, `txt`, `is_delivered`, `created_at`, `updated_at`) VALUES ('19', '19', '19', '5', 0, '2012-05-04 12:36:33', '1983-06-05 00:13:29');
INSERT INTO `messages` (`id`, `from_user_id`, `to_user_id`, `txt`, `is_delivered`, `created_at`, `updated_at`) VALUES ('20', '20', '20', '5', 1, '2018-06-11 12:15:17', '2000-04-14 15:23:29');
INSERT INTO `messages` (`id`, `from_user_id`, `to_user_id`, `txt`, `is_delivered`, `created_at`, `updated_at`) VALUES ('21', '21', '21', '9', 1, '1989-04-08 10:02:51', '1972-03-24 08:28:58');
INSERT INTO `messages` (`id`, `from_user_id`, `to_user_id`, `txt`, `is_delivered`, `created_at`, `updated_at`) VALUES ('22', '22', '22', '9', 1, '1971-02-17 22:15:04', '1988-07-09 16:38:13');
INSERT INTO `messages` (`id`, `from_user_id`, `to_user_id`, `txt`, `is_delivered`, `created_at`, `updated_at`) VALUES ('23', '23', '23', '', 1, '2009-04-25 15:09:56', '1971-04-16 08:44:22');
INSERT INTO `messages` (`id`, `from_user_id`, `to_user_id`, `txt`, `is_delivered`, `created_at`, `updated_at`) VALUES ('24', '24', '24', '3', 1, '1994-12-28 06:40:39', '2003-12-23 15:35:31');
INSERT INTO `messages` (`id`, `from_user_id`, `to_user_id`, `txt`, `is_delivered`, `created_at`, `updated_at`) VALUES ('25', '25', '25', '', 1, '1971-01-30 16:10:12', '2015-10-30 12:08:57');
INSERT INTO `messages` (`id`, `from_user_id`, `to_user_id`, `txt`, `is_delivered`, `created_at`, `updated_at`) VALUES ('26', '26', '26', '4', 0, '1993-12-08 12:15:15', '1993-06-28 04:32:00');
INSERT INTO `messages` (`id`, `from_user_id`, `to_user_id`, `txt`, `is_delivered`, `created_at`, `updated_at`) VALUES ('27', '27', '27', '8', 0, '1983-02-25 19:27:47', '1976-01-28 14:58:56');
INSERT INTO `messages` (`id`, `from_user_id`, `to_user_id`, `txt`, `is_delivered`, `created_at`, `updated_at`) VALUES ('28', '28', '28', '7', 1, '1991-09-02 13:33:43', '1971-03-03 07:07:18');
INSERT INTO `messages` (`id`, `from_user_id`, `to_user_id`, `txt`, `is_delivered`, `created_at`, `updated_at`) VALUES ('29', '29', '29', '8', 1, '1996-06-20 00:29:31', '2000-10-27 11:14:27');
INSERT INTO `messages` (`id`, `from_user_id`, `to_user_id`, `txt`, `is_delivered`, `created_at`, `updated_at`) VALUES ('30', '30', '30', '6', 1, '1975-11-10 07:52:55', '2000-01-28 18:55:55');
INSERT INTO `messages` (`id`, `from_user_id`, `to_user_id`, `txt`, `is_delivered`, `created_at`, `updated_at`) VALUES ('31', '31', '31', '3', 1, '2018-07-31 17:14:00', '1978-05-15 02:11:52');
INSERT INTO `messages` (`id`, `from_user_id`, `to_user_id`, `txt`, `is_delivered`, `created_at`, `updated_at`) VALUES ('32', '32', '32', '8', 0, '1976-02-07 07:29:14', '1986-08-19 14:12:10');
INSERT INTO `messages` (`id`, `from_user_id`, `to_user_id`, `txt`, `is_delivered`, `created_at`, `updated_at`) VALUES ('33', '33', '33', '3', 1, '2002-06-30 22:17:59', '2004-11-09 01:14:57');
INSERT INTO `messages` (`id`, `from_user_id`, `to_user_id`, `txt`, `is_delivered`, `created_at`, `updated_at`) VALUES ('34', '34', '34', '4', 0, '1988-03-08 03:54:21', '1983-10-21 03:57:36');
INSERT INTO `messages` (`id`, `from_user_id`, `to_user_id`, `txt`, `is_delivered`, `created_at`, `updated_at`) VALUES ('35', '35', '35', '1', 0, '1981-06-10 12:42:23', '2001-04-04 11:12:23');
INSERT INTO `messages` (`id`, `from_user_id`, `to_user_id`, `txt`, `is_delivered`, `created_at`, `updated_at`) VALUES ('36', '36', '36', '', 1, '1975-10-28 12:25:48', '2015-06-10 13:33:33');
INSERT INTO `messages` (`id`, `from_user_id`, `to_user_id`, `txt`, `is_delivered`, `created_at`, `updated_at`) VALUES ('37', '37', '37', '9', 0, '1996-07-15 03:27:55', '2007-07-17 00:23:07');
INSERT INTO `messages` (`id`, `from_user_id`, `to_user_id`, `txt`, `is_delivered`, `created_at`, `updated_at`) VALUES ('38', '38', '38', '1', 0, '2021-07-06 22:59:39', '2000-10-22 20:59:32');
INSERT INTO `messages` (`id`, `from_user_id`, `to_user_id`, `txt`, `is_delivered`, `created_at`, `updated_at`) VALUES ('39', '39', '39', '9', 1, '1977-11-04 08:47:04', '1988-10-24 01:16:33');
INSERT INTO `messages` (`id`, `from_user_id`, `to_user_id`, `txt`, `is_delivered`, `created_at`, `updated_at`) VALUES ('40', '40', '40', '', 0, '2013-05-05 00:58:35', '1989-09-17 15:03:51');
INSERT INTO `messages` (`id`, `from_user_id`, `to_user_id`, `txt`, `is_delivered`, `created_at`, `updated_at`) VALUES ('41', '41', '41', '6', 0, '1980-12-02 06:18:58', '1997-10-31 04:34:20');
INSERT INTO `messages` (`id`, `from_user_id`, `to_user_id`, `txt`, `is_delivered`, `created_at`, `updated_at`) VALUES ('42', '42', '42', '3', 1, '1988-05-08 06:16:15', '1996-09-09 16:41:19');
INSERT INTO `messages` (`id`, `from_user_id`, `to_user_id`, `txt`, `is_delivered`, `created_at`, `updated_at`) VALUES ('43', '43', '43', '6', 0, '2018-01-02 05:27:47', '2006-08-21 09:30:02');
INSERT INTO `messages` (`id`, `from_user_id`, `to_user_id`, `txt`, `is_delivered`, `created_at`, `updated_at`) VALUES ('44', '44', '44', '5', 0, '1983-02-27 20:52:49', '1982-05-28 15:56:43');
INSERT INTO `messages` (`id`, `from_user_id`, `to_user_id`, `txt`, `is_delivered`, `created_at`, `updated_at`) VALUES ('45', '45', '45', '', 1, '1972-06-25 21:00:26', '1994-02-27 02:17:40');
INSERT INTO `messages` (`id`, `from_user_id`, `to_user_id`, `txt`, `is_delivered`, `created_at`, `updated_at`) VALUES ('46', '46', '46', '5', 0, '1998-05-08 00:02:07', '2016-09-28 05:10:59');
INSERT INTO `messages` (`id`, `from_user_id`, `to_user_id`, `txt`, `is_delivered`, `created_at`, `updated_at`) VALUES ('47', '47', '47', '7', 1, '2016-07-23 06:32:31', '2011-02-16 09:06:21');
INSERT INTO `messages` (`id`, `from_user_id`, `to_user_id`, `txt`, `is_delivered`, `created_at`, `updated_at`) VALUES ('48', '48', '48', '1', 1, '1978-11-11 22:15:48', '1976-04-01 19:02:10');
INSERT INTO `messages` (`id`, `from_user_id`, `to_user_id`, `txt`, `is_delivered`, `created_at`, `updated_at`) VALUES ('49', '49', '49', '2', 0, '1999-12-30 05:00:17', '2003-04-09 15:38:25');
INSERT INTO `messages` (`id`, `from_user_id`, `to_user_id`, `txt`, `is_delivered`, `created_at`, `updated_at`) VALUES ('50', '50', '50', '1', 0, '1983-06-27 10:55:16', '1972-06-03 06:18:30');
INSERT INTO `messages` (`id`, `from_user_id`, `to_user_id`, `txt`, `is_delivered`, `created_at`, `updated_at`) VALUES ('51', '51', '51', '', 1, '1995-03-25 11:36:03', '1987-06-28 06:03:46');
INSERT INTO `messages` (`id`, `from_user_id`, `to_user_id`, `txt`, `is_delivered`, `created_at`, `updated_at`) VALUES ('52', '52', '52', '7', 0, '1991-08-21 18:01:10', '1981-10-22 13:47:36');
INSERT INTO `messages` (`id`, `from_user_id`, `to_user_id`, `txt`, `is_delivered`, `created_at`, `updated_at`) VALUES ('53', '53', '53', '7', 0, '1989-03-28 17:50:57', '1974-07-03 17:49:53');
INSERT INTO `messages` (`id`, `from_user_id`, `to_user_id`, `txt`, `is_delivered`, `created_at`, `updated_at`) VALUES ('54', '54', '54', '', 1, '1983-06-20 18:59:06', '1977-06-08 07:58:11');
INSERT INTO `messages` (`id`, `from_user_id`, `to_user_id`, `txt`, `is_delivered`, `created_at`, `updated_at`) VALUES ('55', '55', '55', '3', 1, '1995-09-25 19:00:46', '1976-06-25 00:25:31');
INSERT INTO `messages` (`id`, `from_user_id`, `to_user_id`, `txt`, `is_delivered`, `created_at`, `updated_at`) VALUES ('56', '56', '56', '9', 1, '1992-11-19 14:57:05', '2014-09-17 15:02:01');
INSERT INTO `messages` (`id`, `from_user_id`, `to_user_id`, `txt`, `is_delivered`, `created_at`, `updated_at`) VALUES ('57', '57', '57', '8', 1, '2007-04-07 19:44:12', '2007-05-11 11:26:36');
INSERT INTO `messages` (`id`, `from_user_id`, `to_user_id`, `txt`, `is_delivered`, `created_at`, `updated_at`) VALUES ('58', '58', '58', '9', 1, '2019-05-12 07:05:46', '1975-12-10 14:08:05');
INSERT INTO `messages` (`id`, `from_user_id`, `to_user_id`, `txt`, `is_delivered`, `created_at`, `updated_at`) VALUES ('59', '59', '59', '3', 1, '2008-10-12 06:21:04', '1984-11-14 19:26:22');
INSERT INTO `messages` (`id`, `from_user_id`, `to_user_id`, `txt`, `is_delivered`, `created_at`, `updated_at`) VALUES ('60', '60', '60', '1', 0, '2014-11-12 11:59:16', '1999-03-12 00:41:57');
INSERT INTO `messages` (`id`, `from_user_id`, `to_user_id`, `txt`, `is_delivered`, `created_at`, `updated_at`) VALUES ('61', '61', '61', '4', 0, '2008-09-05 02:06:30', '2012-04-19 07:33:01');
INSERT INTO `messages` (`id`, `from_user_id`, `to_user_id`, `txt`, `is_delivered`, `created_at`, `updated_at`) VALUES ('62', '62', '62', '8', 1, '1985-11-24 15:08:25', '1995-05-13 17:31:02');
INSERT INTO `messages` (`id`, `from_user_id`, `to_user_id`, `txt`, `is_delivered`, `created_at`, `updated_at`) VALUES ('63', '63', '63', '6', 1, '2002-10-07 04:39:57', '2019-03-15 14:20:59');
INSERT INTO `messages` (`id`, `from_user_id`, `to_user_id`, `txt`, `is_delivered`, `created_at`, `updated_at`) VALUES ('64', '64', '64', '5', 1, '1973-10-13 11:29:28', '2001-07-11 00:26:01');
INSERT INTO `messages` (`id`, `from_user_id`, `to_user_id`, `txt`, `is_delivered`, `created_at`, `updated_at`) VALUES ('65', '65', '65', '3', 1, '1982-09-07 15:09:26', '1996-03-06 01:28:53');
INSERT INTO `messages` (`id`, `from_user_id`, `to_user_id`, `txt`, `is_delivered`, `created_at`, `updated_at`) VALUES ('66', '66', '66', '2', 0, '1976-05-27 19:53:45', '2005-11-03 12:17:36');
INSERT INTO `messages` (`id`, `from_user_id`, `to_user_id`, `txt`, `is_delivered`, `created_at`, `updated_at`) VALUES ('67', '67', '67', '1', 1, '1986-07-20 09:15:10', '1981-06-21 16:54:20');
INSERT INTO `messages` (`id`, `from_user_id`, `to_user_id`, `txt`, `is_delivered`, `created_at`, `updated_at`) VALUES ('68', '68', '68', '5', 0, '2003-08-11 21:01:41', '2017-02-22 23:41:11');
INSERT INTO `messages` (`id`, `from_user_id`, `to_user_id`, `txt`, `is_delivered`, `created_at`, `updated_at`) VALUES ('69', '69', '69', '8', 0, '1991-09-18 11:33:23', '2003-06-22 01:09:14');
INSERT INTO `messages` (`id`, `from_user_id`, `to_user_id`, `txt`, `is_delivered`, `created_at`, `updated_at`) VALUES ('70', '70', '70', '7', 0, '2007-06-18 22:11:24', '1993-01-22 10:54:39');
INSERT INTO `messages` (`id`, `from_user_id`, `to_user_id`, `txt`, `is_delivered`, `created_at`, `updated_at`) VALUES ('71', '71', '71', '9', 0, '1991-10-27 19:03:01', '2000-02-21 13:02:54');
INSERT INTO `messages` (`id`, `from_user_id`, `to_user_id`, `txt`, `is_delivered`, `created_at`, `updated_at`) VALUES ('72', '72', '72', '9', 1, '1982-06-09 17:59:57', '1973-06-27 09:43:30');
INSERT INTO `messages` (`id`, `from_user_id`, `to_user_id`, `txt`, `is_delivered`, `created_at`, `updated_at`) VALUES ('73', '73', '73', '6', 0, '1979-04-21 14:47:20', '1978-11-15 12:40:59');
INSERT INTO `messages` (`id`, `from_user_id`, `to_user_id`, `txt`, `is_delivered`, `created_at`, `updated_at`) VALUES ('74', '74', '74', '1', 0, '1987-01-01 01:11:56', '1998-12-03 02:21:53');
INSERT INTO `messages` (`id`, `from_user_id`, `to_user_id`, `txt`, `is_delivered`, `created_at`, `updated_at`) VALUES ('75', '75', '75', '8', 0, '2003-01-15 10:47:26', '2015-04-29 09:16:24');
INSERT INTO `messages` (`id`, `from_user_id`, `to_user_id`, `txt`, `is_delivered`, `created_at`, `updated_at`) VALUES ('76', '76', '76', '8', 1, '1992-02-02 05:45:55', '2014-12-06 13:17:26');
INSERT INTO `messages` (`id`, `from_user_id`, `to_user_id`, `txt`, `is_delivered`, `created_at`, `updated_at`) VALUES ('77', '77', '77', '6', 1, '2021-05-27 11:23:36', '2008-09-20 22:40:17');
INSERT INTO `messages` (`id`, `from_user_id`, `to_user_id`, `txt`, `is_delivered`, `created_at`, `updated_at`) VALUES ('78', '78', '78', '', 1, '1995-09-01 19:46:25', '2000-02-19 09:26:45');
INSERT INTO `messages` (`id`, `from_user_id`, `to_user_id`, `txt`, `is_delivered`, `created_at`, `updated_at`) VALUES ('79', '79', '79', '7', 1, '1983-08-31 18:30:47', '2015-09-29 02:23:28');
INSERT INTO `messages` (`id`, `from_user_id`, `to_user_id`, `txt`, `is_delivered`, `created_at`, `updated_at`) VALUES ('80', '80', '80', '6', 1, '1997-06-16 23:05:44', '2011-02-15 05:37:19');
INSERT INTO `messages` (`id`, `from_user_id`, `to_user_id`, `txt`, `is_delivered`, `created_at`, `updated_at`) VALUES ('81', '81', '81', '7', 1, '2012-07-05 11:19:47', '2021-06-20 21:37:27');
INSERT INTO `messages` (`id`, `from_user_id`, `to_user_id`, `txt`, `is_delivered`, `created_at`, `updated_at`) VALUES ('82', '82', '82', '3', 1, '2020-03-15 15:19:54', '1977-04-15 11:20:50');
INSERT INTO `messages` (`id`, `from_user_id`, `to_user_id`, `txt`, `is_delivered`, `created_at`, `updated_at`) VALUES ('83', '83', '83', '5', 0, '1997-11-12 15:52:27', '1988-06-21 21:46:14');
INSERT INTO `messages` (`id`, `from_user_id`, `to_user_id`, `txt`, `is_delivered`, `created_at`, `updated_at`) VALUES ('84', '84', '84', '1', 1, '1979-09-18 02:10:55', '1985-09-02 15:23:17');
INSERT INTO `messages` (`id`, `from_user_id`, `to_user_id`, `txt`, `is_delivered`, `created_at`, `updated_at`) VALUES ('85', '85', '85', '5', 0, '1987-01-06 12:56:07', '1997-12-10 09:27:29');
INSERT INTO `messages` (`id`, `from_user_id`, `to_user_id`, `txt`, `is_delivered`, `created_at`, `updated_at`) VALUES ('86', '86', '86', '8', 1, '1985-08-18 04:58:22', '1976-05-25 05:43:33');
INSERT INTO `messages` (`id`, `from_user_id`, `to_user_id`, `txt`, `is_delivered`, `created_at`, `updated_at`) VALUES ('87', '87', '87', '4', 0, '2016-04-02 14:12:05', '1999-08-14 14:51:20');
INSERT INTO `messages` (`id`, `from_user_id`, `to_user_id`, `txt`, `is_delivered`, `created_at`, `updated_at`) VALUES ('88', '88', '88', '6', 0, '1988-02-29 10:10:18', '1985-07-11 21:30:06');
INSERT INTO `messages` (`id`, `from_user_id`, `to_user_id`, `txt`, `is_delivered`, `created_at`, `updated_at`) VALUES ('89', '89', '89', '', 1, '1974-10-13 17:14:17', '2014-12-16 23:21:38');
INSERT INTO `messages` (`id`, `from_user_id`, `to_user_id`, `txt`, `is_delivered`, `created_at`, `updated_at`) VALUES ('90', '90', '90', '3', 1, '1983-01-14 10:47:47', '2007-04-14 16:54:56');
INSERT INTO `messages` (`id`, `from_user_id`, `to_user_id`, `txt`, `is_delivered`, `created_at`, `updated_at`) VALUES ('91', '91', '91', '1', 1, '2007-02-11 09:09:09', '1980-06-01 03:18:31');
INSERT INTO `messages` (`id`, `from_user_id`, `to_user_id`, `txt`, `is_delivered`, `created_at`, `updated_at`) VALUES ('92', '92', '92', '3', 0, '2018-06-04 09:18:25', '1993-11-25 02:06:45');
INSERT INTO `messages` (`id`, `from_user_id`, `to_user_id`, `txt`, `is_delivered`, `created_at`, `updated_at`) VALUES ('93', '93', '93', '1', 1, '2001-12-08 21:06:46', '2017-04-12 21:53:34');
INSERT INTO `messages` (`id`, `from_user_id`, `to_user_id`, `txt`, `is_delivered`, `created_at`, `updated_at`) VALUES ('94', '94', '94', '9', 0, '1975-12-17 11:51:55', '1988-04-12 09:28:43');
INSERT INTO `messages` (`id`, `from_user_id`, `to_user_id`, `txt`, `is_delivered`, `created_at`, `updated_at`) VALUES ('95', '95', '95', '4', 0, '1997-02-21 20:08:58', '2014-09-15 08:10:40');
INSERT INTO `messages` (`id`, `from_user_id`, `to_user_id`, `txt`, `is_delivered`, `created_at`, `updated_at`) VALUES ('96', '96', '96', '7', 0, '1989-05-06 07:57:13', '1981-05-21 14:41:01');
INSERT INTO `messages` (`id`, `from_user_id`, `to_user_id`, `txt`, `is_delivered`, `created_at`, `updated_at`) VALUES ('97', '97', '97', '7', 1, '1994-09-17 12:20:57', '1975-12-07 02:38:54');
INSERT INTO `messages` (`id`, `from_user_id`, `to_user_id`, `txt`, `is_delivered`, `created_at`, `updated_at`) VALUES ('98', '98', '98', '9', 1, '2011-10-28 13:30:58', '2011-07-08 14:44:25');
INSERT INTO `messages` (`id`, `from_user_id`, `to_user_id`, `txt`, `is_delivered`, `created_at`, `updated_at`) VALUES ('99', '99', '99', '6', 1, '1991-03-17 04:43:45', '2007-03-02 20:25:26');
INSERT INTO `messages` (`id`, `from_user_id`, `to_user_id`, `txt`, `is_delivered`, `created_at`, `updated_at`) VALUES ('100', '100', '100', '1', 1, '1976-06-30 10:42:54', '2021-07-14 07:18:07');


#
# TABLE STRUCTURE FOR: profiles
#

INSERT INTO `profiles` (`user_id`, `gender`, `birthday`, `photo_id`, `city`, `country`) VALUES ('1', 'f', '1996-10-21', 7, 'Hillaryfurt', 'Montenegro');
INSERT INTO `profiles` (`user_id`, `gender`, `birthday`, `photo_id`, `city`, `country`) VALUES ('2', 'm', '2010-09-06', 8, 'West Maximillian', 'New Zealand');
INSERT INTO `profiles` (`user_id`, `gender`, `birthday`, `photo_id`, `city`, `country`) VALUES ('3', 'f', '2001-10-06', 4, 'Brownberg', 'Hungary');
INSERT INTO `profiles` (`user_id`, `gender`, `birthday`, `photo_id`, `city`, `country`) VALUES ('4', 'f', '1992-06-09', 2, 'Carrollton', 'Niue');
INSERT INTO `profiles` (`user_id`, `gender`, `birthday`, `photo_id`, `city`, `country`) VALUES ('5', 'f', '1996-07-29', 5, 'North Sonia', 'Luxembourg');
INSERT INTO `profiles` (`user_id`, `gender`, `birthday`, `photo_id`, `city`, `country`) VALUES ('6', 'x', '2003-11-20', 5, 'Gottliebview', 'Aruba');
INSERT INTO `profiles` (`user_id`, `gender`, `birthday`, `photo_id`, `city`, `country`) VALUES ('7', 'm', '2013-06-12', 8, 'New Layneland', 'Macao');
INSERT INTO `profiles` (`user_id`, `gender`, `birthday`, `photo_id`, `city`, `country`) VALUES ('8', 'x', '1982-04-25', 5, 'New Gabriella', 'Cook Islands');
INSERT INTO `profiles` (`user_id`, `gender`, `birthday`, `photo_id`, `city`, `country`) VALUES ('9', 'x', '1996-03-26', 7, 'Schoenfurt', 'Rwanda');
INSERT INTO `profiles` (`user_id`, `gender`, `birthday`, `photo_id`, `city`, `country`) VALUES ('10', 'm', '2005-03-06', 3, 'North Staceychester', 'Tunisia');
INSERT INTO `profiles` (`user_id`, `gender`, `birthday`, `photo_id`, `city`, `country`) VALUES ('11', 'x', '1970-10-28', 2, 'South Marielaburgh', 'Saudi Arabia');
INSERT INTO `profiles` (`user_id`, `gender`, `birthday`, `photo_id`, `city`, `country`) VALUES ('12', 'f', '1994-05-14', 1, 'East Laylaton', 'Barbados');
INSERT INTO `profiles` (`user_id`, `gender`, `birthday`, `photo_id`, `city`, `country`) VALUES ('13', 'x', '1997-04-04', 2, 'South Michealside', 'Christmas Island');
INSERT INTO `profiles` (`user_id`, `gender`, `birthday`, `photo_id`, `city`, `country`) VALUES ('14', 'f', '2006-11-09', 6, 'Lelahshire', 'Niue');
INSERT INTO `profiles` (`user_id`, `gender`, `birthday`, `photo_id`, `city`, `country`) VALUES ('15', 'f', '2004-02-26', 7, 'Trompchester', 'China');
INSERT INTO `profiles` (`user_id`, `gender`, `birthday`, `photo_id`, `city`, `country`) VALUES ('16', 'f', '2005-07-26', 4, 'Bernhardview', 'Algeria');
INSERT INTO `profiles` (`user_id`, `gender`, `birthday`, `photo_id`, `city`, `country`) VALUES ('17', 'x', '1995-06-01', 8, 'Bernhardtown', 'Netherlands');
INSERT INTO `profiles` (`user_id`, `gender`, `birthday`, `photo_id`, `city`, `country`) VALUES ('18', 'x', '2019-01-15', 4, 'Marksside', 'Nepal');
INSERT INTO `profiles` (`user_id`, `gender`, `birthday`, `photo_id`, `city`, `country`) VALUES ('19', 'm', '2015-03-30', 5, 'Ziemeberg', 'Portugal');
INSERT INTO `profiles` (`user_id`, `gender`, `birthday`, `photo_id`, `city`, `country`) VALUES ('20', 'm', '1991-11-04', 8, 'North Crystal', 'New Caledonia');
INSERT INTO `profiles` (`user_id`, `gender`, `birthday`, `photo_id`, `city`, `country`) VALUES ('21', 'x', '2019-09-02', 7, 'East Sebastian', 'Latvia');
INSERT INTO `profiles` (`user_id`, `gender`, `birthday`, `photo_id`, `city`, `country`) VALUES ('22', 'm', '2004-11-23', 2, 'North Spencer', 'Micronesia');
INSERT INTO `profiles` (`user_id`, `gender`, `birthday`, `photo_id`, `city`, `country`) VALUES ('23', 'f', '1998-04-17', 2, 'Tristinberg', 'Northern Mariana Islands');
INSERT INTO `profiles` (`user_id`, `gender`, `birthday`, `photo_id`, `city`, `country`) VALUES ('24', 'f', '2011-07-25', 4, 'Metzmouth', 'Niue');
INSERT INTO `profiles` (`user_id`, `gender`, `birthday`, `photo_id`, `city`, `country`) VALUES ('25', 'f', '1984-01-29', 8, 'Port Austynmouth', 'Papua New Guinea');
INSERT INTO `profiles` (`user_id`, `gender`, `birthday`, `photo_id`, `city`, `country`) VALUES ('26', 'x', '2013-12-17', 4, 'North Micheal', 'Oman');
INSERT INTO `profiles` (`user_id`, `gender`, `birthday`, `photo_id`, `city`, `country`) VALUES ('27', 'm', '2008-05-08', 4, 'Clemmieport', 'Iran');
INSERT INTO `profiles` (`user_id`, `gender`, `birthday`, `photo_id`, `city`, `country`) VALUES ('28', 'x', '1987-10-09', 6, 'North Ruthie', 'Ukraine');
INSERT INTO `profiles` (`user_id`, `gender`, `birthday`, `photo_id`, `city`, `country`) VALUES ('29', 'f', '2001-04-10', 6, 'North Judahmouth', 'Wallis and Futuna');
INSERT INTO `profiles` (`user_id`, `gender`, `birthday`, `photo_id`, `city`, `country`) VALUES ('30', 'm', '2019-04-06', 4, 'Kennithside', 'China');
INSERT INTO `profiles` (`user_id`, `gender`, `birthday`, `photo_id`, `city`, `country`) VALUES ('31', 'x', '2014-10-19', 6, 'Pedrostad', 'Bermuda');
INSERT INTO `profiles` (`user_id`, `gender`, `birthday`, `photo_id`, `city`, `country`) VALUES ('32', 'x', '1975-08-15', 1, 'Lailaborough', 'San Marino');
INSERT INTO `profiles` (`user_id`, `gender`, `birthday`, `photo_id`, `city`, `country`) VALUES ('33', 'm', '1993-09-29', 2, 'South Naomiberg', 'Mali');
INSERT INTO `profiles` (`user_id`, `gender`, `birthday`, `photo_id`, `city`, `country`) VALUES ('34', 'f', '1998-05-23', 2, 'Bennettburgh', 'Czech Republic');
INSERT INTO `profiles` (`user_id`, `gender`, `birthday`, `photo_id`, `city`, `country`) VALUES ('35', 'f', '1979-05-04', 1, 'Aleenmouth', 'United States Virgin Islands');
INSERT INTO `profiles` (`user_id`, `gender`, `birthday`, `photo_id`, `city`, `country`) VALUES ('36', 'x', '1975-08-27', 1, 'Lake Dahliafort', 'Benin');
INSERT INTO `profiles` (`user_id`, `gender`, `birthday`, `photo_id`, `city`, `country`) VALUES ('37', 'm', '2005-03-12', 8, 'Gerlachberg', 'Mali');
INSERT INTO `profiles` (`user_id`, `gender`, `birthday`, `photo_id`, `city`, `country`) VALUES ('38', 'x', '2014-06-07', 8, 'Adaside', 'Trinidad and Tobago');
INSERT INTO `profiles` (`user_id`, `gender`, `birthday`, `photo_id`, `city`, `country`) VALUES ('39', 'f', '1972-01-29', 4, 'West Dulceside', 'Libyan Arab Jamahiriya');
INSERT INTO `profiles` (`user_id`, `gender`, `birthday`, `photo_id`, `city`, `country`) VALUES ('40', 'x', '2003-12-15', 7, 'South Aureliaside', 'Reunion');
INSERT INTO `profiles` (`user_id`, `gender`, `birthday`, `photo_id`, `city`, `country`) VALUES ('41', 'x', '2000-07-20', 3, 'Lake Ruby', 'Morocco');
INSERT INTO `profiles` (`user_id`, `gender`, `birthday`, `photo_id`, `city`, `country`) VALUES ('42', 'f', '2016-11-17', 8, 'Lake Maidabury', 'Saint Pierre and Miquelon');
INSERT INTO `profiles` (`user_id`, `gender`, `birthday`, `photo_id`, `city`, `country`) VALUES ('43', 'f', '1985-04-20', 4, 'North Susanafurt', 'American Samoa');
INSERT INTO `profiles` (`user_id`, `gender`, `birthday`, `photo_id`, `city`, `country`) VALUES ('44', 'f', '1977-12-02', 5, 'South Ezekiel', 'Gambia');
INSERT INTO `profiles` (`user_id`, `gender`, `birthday`, `photo_id`, `city`, `country`) VALUES ('45', 'f', '2011-12-07', 2, 'West Christine', 'Yemen');
INSERT INTO `profiles` (`user_id`, `gender`, `birthday`, `photo_id`, `city`, `country`) VALUES ('46', 'x', '1973-02-18', 7, 'Kaylinmouth', 'Israel');
INSERT INTO `profiles` (`user_id`, `gender`, `birthday`, `photo_id`, `city`, `country`) VALUES ('47', 'f', '2005-06-19', 2, 'Faustinoshire', 'Suriname');
INSERT INTO `profiles` (`user_id`, `gender`, `birthday`, `photo_id`, `city`, `country`) VALUES ('48', 'x', '2011-08-25', 3, 'Schowaltertown', 'British Indian Ocean Territory (Chagos Archipelago)');
INSERT INTO `profiles` (`user_id`, `gender`, `birthday`, `photo_id`, `city`, `country`) VALUES ('49', 'm', '2008-11-28', 7, 'New Kennithborough', 'Central African Republic');
INSERT INTO `profiles` (`user_id`, `gender`, `birthday`, `photo_id`, `city`, `country`) VALUES ('50', 'x', '1980-02-07', 6, 'Kuhichaven', 'Cape Verde');
INSERT INTO `profiles` (`user_id`, `gender`, `birthday`, `photo_id`, `city`, `country`) VALUES ('51', 'm', '2018-01-27', 1, 'West Samsonland', 'Christmas Island');
INSERT INTO `profiles` (`user_id`, `gender`, `birthday`, `photo_id`, `city`, `country`) VALUES ('52', 'm', '2021-08-22', 9, 'Jakubowskihaven', 'Montenegro');
INSERT INTO `profiles` (`user_id`, `gender`, `birthday`, `photo_id`, `city`, `country`) VALUES ('53', 'm', '1994-11-29', 8, 'East Kariview', 'Cuba');
INSERT INTO `profiles` (`user_id`, `gender`, `birthday`, `photo_id`, `city`, `country`) VALUES ('54', 'm', '1978-07-14', 7, 'East Danyka', 'Philippines');
INSERT INTO `profiles` (`user_id`, `gender`, `birthday`, `photo_id`, `city`, `country`) VALUES ('55', 'm', '2005-12-27', 8, 'South Rosinamouth', 'Palestinian Territory');
INSERT INTO `profiles` (`user_id`, `gender`, `birthday`, `photo_id`, `city`, `country`) VALUES ('56', 'm', '1993-11-16', 3, 'Considineborough', 'Canada');
INSERT INTO `profiles` (`user_id`, `gender`, `birthday`, `photo_id`, `city`, `country`) VALUES ('57', 'x', '1995-11-19', 3, 'Lake Geovannichester', 'Trinidad and Tobago');
INSERT INTO `profiles` (`user_id`, `gender`, `birthday`, `photo_id`, `city`, `country`) VALUES ('58', 'x', '2018-04-01', 5, 'Katelinburgh', 'Belarus');
INSERT INTO `profiles` (`user_id`, `gender`, `birthday`, `photo_id`, `city`, `country`) VALUES ('59', 'f', '1986-11-23', 8, 'Loweview', 'Vanuatu');
INSERT INTO `profiles` (`user_id`, `gender`, `birthday`, `photo_id`, `city`, `country`) VALUES ('60', 'f', '2018-11-05', 3, 'Schoenfurt', 'Bosnia and Herzegovina');
INSERT INTO `profiles` (`user_id`, `gender`, `birthday`, `photo_id`, `city`, `country`) VALUES ('61', 'f', '1984-07-30', 6, 'Port Arjunside', 'Brunei Darussalam');
INSERT INTO `profiles` (`user_id`, `gender`, `birthday`, `photo_id`, `city`, `country`) VALUES ('62', 'x', '2007-04-06', 4, 'Darionport', 'South Africa');
INSERT INTO `profiles` (`user_id`, `gender`, `birthday`, `photo_id`, `city`, `country`) VALUES ('63', 'f', '1985-10-04', 1, 'Lehnermouth', 'Guam');
INSERT INTO `profiles` (`user_id`, `gender`, `birthday`, `photo_id`, `city`, `country`) VALUES ('64', 'f', '1987-07-03', 2, 'East Estrellahaven', 'Gambia');
INSERT INTO `profiles` (`user_id`, `gender`, `birthday`, `photo_id`, `city`, `country`) VALUES ('65', 'm', '1996-09-05', 9, 'New Gordonmouth', 'Heard Island and McDonald Islands');
INSERT INTO `profiles` (`user_id`, `gender`, `birthday`, `photo_id`, `city`, `country`) VALUES ('66', 'f', '2018-11-21', 1, 'Fernechester', 'Turks and Caicos Islands');
INSERT INTO `profiles` (`user_id`, `gender`, `birthday`, `photo_id`, `city`, `country`) VALUES ('67', 'x', '2017-06-26', 7, 'Lake Madysonfurt', 'Somalia');
INSERT INTO `profiles` (`user_id`, `gender`, `birthday`, `photo_id`, `city`, `country`) VALUES ('68', 'f', '1996-08-31', 6, 'Franeckifort', 'Nicaragua');
INSERT INTO `profiles` (`user_id`, `gender`, `birthday`, `photo_id`, `city`, `country`) VALUES ('69', 'x', '1988-04-14', 4, 'South Hermina', 'Norway');
INSERT INTO `profiles` (`user_id`, `gender`, `birthday`, `photo_id`, `city`, `country`) VALUES ('70', 'x', '1993-10-13', 8, 'Runolfsdottirfort', 'Niger');
INSERT INTO `profiles` (`user_id`, `gender`, `birthday`, `photo_id`, `city`, `country`) VALUES ('71', 'm', '2010-01-06', 2, 'Lake Gustton', 'Taiwan');
INSERT INTO `profiles` (`user_id`, `gender`, `birthday`, `photo_id`, `city`, `country`) VALUES ('72', 'x', '1971-02-20', 8, 'Mateoport', 'Bulgaria');
INSERT INTO `profiles` (`user_id`, `gender`, `birthday`, `photo_id`, `city`, `country`) VALUES ('73', 'x', '1984-10-29', 4, 'Smithberg', 'Kenya');
INSERT INTO `profiles` (`user_id`, `gender`, `birthday`, `photo_id`, `city`, `country`) VALUES ('74', 'm', '1999-09-07', 8, 'Catalinahaven', 'Guernsey');
INSERT INTO `profiles` (`user_id`, `gender`, `birthday`, `photo_id`, `city`, `country`) VALUES ('75', 'x', '1981-01-04', 7, 'West Alexis', 'Saudi Arabia');
INSERT INTO `profiles` (`user_id`, `gender`, `birthday`, `photo_id`, `city`, `country`) VALUES ('76', 'x', '1990-08-14', 2, 'Port Diamond', 'Eritrea');
INSERT INTO `profiles` (`user_id`, `gender`, `birthday`, `photo_id`, `city`, `country`) VALUES ('77', 'x', '2005-10-02', 8, 'New Allene', 'Uganda');
INSERT INTO `profiles` (`user_id`, `gender`, `birthday`, `photo_id`, `city`, `country`) VALUES ('78', 'm', '2018-12-07', 4, 'Delfinaton', 'Jordan');
INSERT INTO `profiles` (`user_id`, `gender`, `birthday`, `photo_id`, `city`, `country`) VALUES ('79', 'm', '2014-11-01', 7, 'West Kacieshire', 'Netherlands');
INSERT INTO `profiles` (`user_id`, `gender`, `birthday`, `photo_id`, `city`, `country`) VALUES ('80', 'x', '2005-06-12', 1, 'North Jennie', 'Liberia');
INSERT INTO `profiles` (`user_id`, `gender`, `birthday`, `photo_id`, `city`, `country`) VALUES ('81', 'f', '1992-06-13', 2, 'Strosinton', 'Venezuela');
INSERT INTO `profiles` (`user_id`, `gender`, `birthday`, `photo_id`, `city`, `country`) VALUES ('82', 'f', '1976-09-25', 2, 'West Luigi', 'Uruguay');
INSERT INTO `profiles` (`user_id`, `gender`, `birthday`, `photo_id`, `city`, `country`) VALUES ('83', 'f', '2011-08-30', 7, 'Lake Bruce', 'Algeria');
INSERT INTO `profiles` (`user_id`, `gender`, `birthday`, `photo_id`, `city`, `country`) VALUES ('84', 'x', '2007-07-07', 6, 'East Selmerfurt', 'Mayotte');
INSERT INTO `profiles` (`user_id`, `gender`, `birthday`, `photo_id`, `city`, `country`) VALUES ('85', 'f', '2015-06-01', 9, 'Helmerview', 'Austria');
INSERT INTO `profiles` (`user_id`, `gender`, `birthday`, `photo_id`, `city`, `country`) VALUES ('86', 'm', '2002-01-12', 5, 'Deshaunburgh', 'Tajikistan');
INSERT INTO `profiles` (`user_id`, `gender`, `birthday`, `photo_id`, `city`, `country`) VALUES ('87', 'f', '2015-09-14', 3, 'Coralietown', 'Uruguay');
INSERT INTO `profiles` (`user_id`, `gender`, `birthday`, `photo_id`, `city`, `country`) VALUES ('88', 'x', '2018-10-29', 8, 'New Annabell', 'Japan');
INSERT INTO `profiles` (`user_id`, `gender`, `birthday`, `photo_id`, `city`, `country`) VALUES ('89', 'f', '2007-01-02', 9, 'South Rubyeborough', 'Guadeloupe');
INSERT INTO `profiles` (`user_id`, `gender`, `birthday`, `photo_id`, `city`, `country`) VALUES ('90', 'm', '1981-11-10', 3, 'Jenkinsview', 'Tajikistan');
INSERT INTO `profiles` (`user_id`, `gender`, `birthday`, `photo_id`, `city`, `country`) VALUES ('91', 'x', '2020-01-20', 4, 'Floridastad', 'Marshall Islands');
INSERT INTO `profiles` (`user_id`, `gender`, `birthday`, `photo_id`, `city`, `country`) VALUES ('92', 'm', '2007-04-03', 4, 'Port Garthbury', 'Malawi');
INSERT INTO `profiles` (`user_id`, `gender`, `birthday`, `photo_id`, `city`, `country`) VALUES ('93', 'm', '1996-03-18', 3, 'Adahburgh', 'Mozambique');
INSERT INTO `profiles` (`user_id`, `gender`, `birthday`, `photo_id`, `city`, `country`) VALUES ('94', 'm', '1985-11-01', 8, 'East Emmahaven', 'Puerto Rico');
INSERT INTO `profiles` (`user_id`, `gender`, `birthday`, `photo_id`, `city`, `country`) VALUES ('95', 'f', '2018-01-24', 2, 'Kihnfort', 'Bolivia');
INSERT INTO `profiles` (`user_id`, `gender`, `birthday`, `photo_id`, `city`, `country`) VALUES ('96', 'x', '1982-11-08', 4, 'North Muhammad', 'South Georgia and the South Sandwich Islands');
INSERT INTO `profiles` (`user_id`, `gender`, `birthday`, `photo_id`, `city`, `country`) VALUES ('97', 'x', '1984-09-15', 9, 'Lake Grover', 'Syrian Arab Republic');
INSERT INTO `profiles` (`user_id`, `gender`, `birthday`, `photo_id`, `city`, `country`) VALUES ('98', 'x', '2006-07-08', 7, 'Port Albert', 'Bosnia and Herzegovina');
INSERT INTO `profiles` (`user_id`, `gender`, `birthday`, `photo_id`, `city`, `country`) VALUES ('99', 'm', '2008-12-30', 6, 'New Nicola', 'Mali');
INSERT INTO `profiles` (`user_id`, `gender`, `birthday`, `photo_id`, `city`, `country`) VALUES ('100', 'x', '2008-04-20', 4, 'New Beryltown', 'Saint Vincent and the Grenadines');


#
# TABLE STRUCTURE FOR: users
#


INSERT INTO `users` (`id`, `firstname`, `lastname`, `email`, `phone`, `password_hash`, `created_at`) VALUES ('1', 'Sage', 'Morissette', 'leanne46@example.org', '358.333.794', '548e6d24b38c3afd0d10cef9fa4c3df94d24478e', '1982-06-29 17:48:34');
INSERT INTO `users` (`id`, `firstname`, `lastname`, `email`, `phone`, `password_hash`, `created_at`) VALUES ('2', 'Hobart', 'Padberg', 'ythompson@example.org', '1-325-868-2', '3cc09e99ef5d39e0d4f78d0265b2a5b897e1ab18', '2014-05-05 07:47:19');
INSERT INTO `users` (`id`, `firstname`, `lastname`, `email`, `phone`, `password_hash`, `created_at`) VALUES ('3', 'Brandy', 'Auer', 'areinger@example.com', '(007)422-28', '645733a4e9b10fa542af2f3dcafbe330d107ef0e', '1984-05-01 19:08:19');
INSERT INTO `users` (`id`, `firstname`, `lastname`, `email`, `phone`, `password_hash`, `created_at`) VALUES ('4', 'Maryam', 'Kunze', 'ethan.schuppe@example.net', '644.198.450', '7e9a9f73d4bcb3a8992c311989ae145b9ac214ae', '1988-02-03 13:29:50');
INSERT INTO `users` (`id`, `firstname`, `lastname`, `email`, `phone`, `password_hash`, `created_at`) VALUES ('5', 'Davonte', 'Kreiger', 'xwintheiser@example.com', '(199)681-66', 'a291812521a86ea5e679649a988e60efdd93a084', '1970-01-03 15:42:50');
INSERT INTO `users` (`id`, `firstname`, `lastname`, `email`, `phone`, `password_hash`, `created_at`) VALUES ('6', 'Glen', 'Berge', 'rutherford.kane@example.com', '1-450-131-0', '66837553fb569fba7f509f19f3ac6f2a6996429c', '1987-11-10 22:06:34');
INSERT INTO `users` (`id`, `firstname`, `lastname`, `email`, `phone`, `password_hash`, `created_at`) VALUES ('7', 'Bernie', 'Fadel', 'carolina.beier@example.com', '1-085-873-4', '6ff814c1c1cc62669d1595e4e43dbf10dc843ab3', '1995-10-28 11:41:14');
INSERT INTO `users` (`id`, `firstname`, `lastname`, `email`, `phone`, `password_hash`, `created_at`) VALUES ('8', 'Savion', 'Waelchi', 'drutherford@example.com', '546.939.048', '3841827fe0650fbf08700a250ae31d81cd17cb5a', '1971-10-10 02:45:38');
INSERT INTO `users` (`id`, `firstname`, `lastname`, `email`, `phone`, `password_hash`, `created_at`) VALUES ('9', 'Adelia', 'Blanda', 'crist.tom@example.org', '153.262.144', '132bfbf161f36a41a4022a85aa7f9c3eb174d90c', '2021-01-04 21:01:52');
INSERT INTO `users` (`id`, `firstname`, `lastname`, `email`, `phone`, `password_hash`, `created_at`) VALUES ('10', 'Layne', 'Hessel', 'carson75@example.org', '(956)787-43', '67e17fc08cd1ff6d77b1e08c26b33241f1a4e2d9', '2015-08-22 23:32:16');
INSERT INTO `users` (`id`, `firstname`, `lastname`, `email`, `phone`, `password_hash`, `created_at`) VALUES ('11', 'Tillman', 'Ondricka', 'ichristiansen@example.net', '434.013.429', '1da8eb7e273eef01ebeb00132e9d97c5b516d5a1', '1987-01-27 17:50:01');
INSERT INTO `users` (`id`, `firstname`, `lastname`, `email`, `phone`, `password_hash`, `created_at`) VALUES ('12', 'Antwon', 'Haag', 'ukub@example.org', '(535)913-71', '34befe41c4a112226a8a28ccd09bd76dfc0e97d8', '1992-08-19 09:31:40');
INSERT INTO `users` (`id`, `firstname`, `lastname`, `email`, `phone`, `password_hash`, `created_at`) VALUES ('13', 'Jennifer', 'Connelly', 'monique12@example.net', '187.502.927', '96d8bc84f3b70ab0106bca6f4733aa79cf22f2e5', '1988-09-01 14:44:57');
INSERT INTO `users` (`id`, `firstname`, `lastname`, `email`, `phone`, `password_hash`, `created_at`) VALUES ('14', 'Tiara', 'Pagac', 'blangworth@example.net', '510.455.910', '85b1eaf4e0b5f7f24b3a6aa2d14607d93302477e', '2007-01-05 15:33:30');
INSERT INTO `users` (`id`, `firstname`, `lastname`, `email`, `phone`, `password_hash`, `created_at`) VALUES ('15', 'Sidney', 'Cruickshank', 'wbradtke@example.org', '(882)040-72', 'abd31860a7fbe9dd10a5c2073adc7479ff63ac80', '2004-07-21 17:18:53');
INSERT INTO `users` (`id`, `firstname`, `lastname`, `email`, `phone`, `password_hash`, `created_at`) VALUES ('16', 'Jerome', 'Rogahn', 'padberg.columbus@example.org', '08693935750', 'dc5aa8064ad01784dc90b6dca73a0ecfb6fd7ab8', '2007-01-08 03:53:42');
INSERT INTO `users` (`id`, `firstname`, `lastname`, `email`, `phone`, `password_hash`, `created_at`) VALUES ('17', 'Samanta', 'Towne', 'dyundt@example.org', '1-453-401-4', '1dc86a7a2217babfa9876bc8ede83aa30c935370', '2006-12-03 00:03:57');
INSERT INTO `users` (`id`, `firstname`, `lastname`, `email`, `phone`, `password_hash`, `created_at`) VALUES ('18', 'Sheldon', 'Weissnat', 'lockman.margaretta@example.net', '1-079-840-2', '35fb4d868d3c45b4c4286754c801879d3661b9b9', '1988-03-26 20:31:19');
INSERT INTO `users` (`id`, `firstname`, `lastname`, `email`, `phone`, `password_hash`, `created_at`) VALUES ('19', 'Logan', 'Barrows', 'clarissa63@example.net', '(684)414-44', '27e4503b5ba8328eae35c311218e9e76809e6f0b', '1974-10-13 03:57:08');
INSERT INTO `users` (`id`, `firstname`, `lastname`, `email`, `phone`, `password_hash`, `created_at`) VALUES ('20', 'Clark', 'Haag', 'kimberly91@example.org', '392.469.133', 'd45243d26cf334d9fd3bad0a9620cc4aa9014831', '1986-12-31 04:15:22');
INSERT INTO `users` (`id`, `firstname`, `lastname`, `email`, `phone`, `password_hash`, `created_at`) VALUES ('21', 'Britney', 'Jacobi', 'harold.gleichner@example.org', '803-573-918', '27b2f4bc4b77a772becfec5214c41523c7ed63b9', '1989-07-20 13:57:50');
INSERT INTO `users` (`id`, `firstname`, `lastname`, `email`, `phone`, `password_hash`, `created_at`) VALUES ('22', 'Kayden', 'Howell', 'langosh.denis@example.com', '054.933.811', 'c4d66ae9c6587a40365b2a0e3d330f8ad1567357', '2020-03-12 08:05:58');
INSERT INTO `users` (`id`, `firstname`, `lastname`, `email`, `phone`, `password_hash`, `created_at`) VALUES ('23', 'Lia', 'Bailey', 'eve.purdy@example.net', '395-036-640', '162bdecb287953cf77ad0950505dae7ddd344a82', '1985-11-01 16:41:01');
INSERT INTO `users` (`id`, `firstname`, `lastname`, `email`, `phone`, `password_hash`, `created_at`) VALUES ('24', 'Oliver', 'Wilkinson', 'reynolds.burdette@example.org', '997-659-293', '75f2442be579001ebf5af4518e29d7357dc64e27', '1986-03-22 15:10:02');
INSERT INTO `users` (`id`, `firstname`, `lastname`, `email`, `phone`, `password_hash`, `created_at`) VALUES ('25', 'Celia', 'Waters', 'jonathon.ankunding@example.com', '1-615-655-1', '441e1ce6af45e8660e26065f2c8f4cd6281a2b3c', '1979-09-12 11:44:51');
INSERT INTO `users` (`id`, `firstname`, `lastname`, `email`, `phone`, `password_hash`, `created_at`) VALUES ('26', 'Ona', 'Kris', 'mcronin@example.com', '05833431659', '71c62b3dbe5eb3edbeed114fb170f18675135505', '1977-12-29 21:21:00');
INSERT INTO `users` (`id`, `firstname`, `lastname`, `email`, `phone`, `password_hash`, `created_at`) VALUES ('27', 'Carol', 'Corkery', 'dwaelchi@example.com', '1-753-705-7', '204a48072889a37f45c310d4756111833bbc510e', '1991-09-11 09:19:26');
INSERT INTO `users` (`id`, `firstname`, `lastname`, `email`, `phone`, `password_hash`, `created_at`) VALUES ('28', 'Kristofer', 'McCullough', 'barrett.o\'keefe@example.com', '+63(4)93739', 'e99e967e423e76e0bcbbe0e5b6a74103d9417ad6', '2006-09-01 10:30:37');
INSERT INTO `users` (`id`, `firstname`, `lastname`, `email`, `phone`, `password_hash`, `created_at`) VALUES ('29', 'Sophie', 'Graham', 'angus57@example.com', '+44(8)26846', '9f9ba6316c7eb380d74783ec368d56f1ada0d23d', '1985-06-10 11:32:51');
INSERT INTO `users` (`id`, `firstname`, `lastname`, `email`, `phone`, `password_hash`, `created_at`) VALUES ('30', 'Raul', 'Nicolas', 'lebsack.maureen@example.net', '1-705-496-8', 'ae0f71fe9d2ecc204c4ba60f08d440659d7040c9', '2001-05-16 04:55:16');
INSERT INTO `users` (`id`, `firstname`, `lastname`, `email`, `phone`, `password_hash`, `created_at`) VALUES ('31', 'Kaylin', 'West', 'armstrong.gage@example.net', '+89(1)83263', '2fefe292a6ad8c1ccc90af748724479bc7514387', '2012-12-15 21:11:34');
INSERT INTO `users` (`id`, `firstname`, `lastname`, `email`, `phone`, `password_hash`, `created_at`) VALUES ('32', 'Raven', 'Will', 'clifford.thiel@example.org', '(196)407-16', '97e40c39c14e336c67df03fed743548a214fe529', '1989-12-08 17:56:34');
INSERT INTO `users` (`id`, `firstname`, `lastname`, `email`, `phone`, `password_hash`, `created_at`) VALUES ('33', 'Delia', 'Kertzmann', 'schinner.ashley@example.com', '1-141-228-7', '598b364aa957e77ee5fe126493d0c823708667a5', '1971-11-12 13:43:53');
INSERT INTO `users` (`id`, `firstname`, `lastname`, `email`, `phone`, `password_hash`, `created_at`) VALUES ('34', 'Raul', 'Moore', 'tabitha75@example.com', '+02(9)21030', '1265beadfd92d78d521f18e738d3765064997c3c', '1995-04-13 20:21:03');
INSERT INTO `users` (`id`, `firstname`, `lastname`, `email`, `phone`, `password_hash`, `created_at`) VALUES ('35', 'Humberto', 'Brekke', 'smiller@example.com', '+54(0)00045', '5f4c0779765f30d68af68b1d2c42131b58a1c730', '2014-11-16 09:01:31');
INSERT INTO `users` (`id`, `firstname`, `lastname`, `email`, `phone`, `password_hash`, `created_at`) VALUES ('36', 'Jaiden', 'Hammes', 'jsteuber@example.org', '672-006-642', 'aa81601f67f7675dc65f144e995fcaa750fe7a75', '2015-05-28 06:01:46');
INSERT INTO `users` (`id`, `firstname`, `lastname`, `email`, `phone`, `password_hash`, `created_at`) VALUES ('37', 'Moriah', 'Bartell', 'weber.buck@example.net', '900-572-332', '759a2cffcc0772739ab057d86b19ca76e8d17040', '2013-01-30 01:46:32');
INSERT INTO `users` (`id`, `firstname`, `lastname`, `email`, `phone`, `password_hash`, `created_at`) VALUES ('38', 'Carmela', 'Cremin', 'crooks.serenity@example.net', '867.532.648', '497d11f20bd47f7fb70b4349c38d1a7ed216a658', '2002-04-25 01:50:47');
INSERT INTO `users` (`id`, `firstname`, `lastname`, `email`, `phone`, `password_hash`, `created_at`) VALUES ('39', 'Margaret', 'Funk', 'edmund.bogan@example.com', '(221)267-58', '53deaf246d217588359e6b423f7aff908d47e7e7', '2019-09-30 21:26:29');
INSERT INTO `users` (`id`, `firstname`, `lastname`, `email`, `phone`, `password_hash`, `created_at`) VALUES ('40', 'Cordie', 'Mitchell', 'hamill.misty@example.org', '(118)231-87', '57f636a1ad1ddff7ec176b3667ece746b73fa520', '1991-06-11 23:49:19');
INSERT INTO `users` (`id`, `firstname`, `lastname`, `email`, `phone`, `password_hash`, `created_at`) VALUES ('41', 'Lauryn', 'Steuber', 'krunolfsson@example.net', '(275)833-18', 'e82d74955fe5939de245d13722b2b80c610be19f', '1970-02-21 23:35:01');
INSERT INTO `users` (`id`, `firstname`, `lastname`, `email`, `phone`, `password_hash`, `created_at`) VALUES ('42', 'Marcelino', 'O\'Reilly', 'pascale.zulauf@example.com', '231-906-221', '6ba48c2ecac77ec4728c311ccb03354b3938a2f3', '1999-08-20 17:19:13');
INSERT INTO `users` (`id`, `firstname`, `lastname`, `email`, `phone`, `password_hash`, `created_at`) VALUES ('43', 'Autumn', 'Jakubowski', 'casper.annetta@example.net', '532-212-894', '4de083284f40df5d5b3d0d5959222ac88732680d', '2017-11-29 04:30:37');
INSERT INTO `users` (`id`, `firstname`, `lastname`, `email`, `phone`, `password_hash`, `created_at`) VALUES ('44', 'Adolf', 'Treutel', 'murray.jayden@example.net', '1-882-472-4', 'f7b15160c375d7c17895dc08257195f870b9dd40', '1996-04-25 19:53:36');
INSERT INTO `users` (`id`, `firstname`, `lastname`, `email`, `phone`, `password_hash`, `created_at`) VALUES ('45', 'Hassan', 'McClure', 'fahey.evalyn@example.net', '(291)106-33', 'dac944368bbeb5ce8a6f2ac450758d74fa2746fc', '1989-01-30 15:48:41');
INSERT INTO `users` (`id`, `firstname`, `lastname`, `email`, `phone`, `password_hash`, `created_at`) VALUES ('46', 'Lue', 'Cronin', 'kling.eldora@example.net', '+81(5)75040', '1ea978ea3e7c1755d330b66b7b8b0a010c838f51', '2000-01-29 20:08:10');
INSERT INTO `users` (`id`, `firstname`, `lastname`, `email`, `phone`, `password_hash`, `created_at`) VALUES ('47', 'Eden', 'Wilderman', 'arianna.nienow@example.com', '539.097.939', '9832cd4a7209ebebb27071dd592d2cabfe1c45b5', '2015-07-22 05:39:12');
INSERT INTO `users` (`id`, `firstname`, `lastname`, `email`, `phone`, `password_hash`, `created_at`) VALUES ('48', 'Calista', 'Mraz', 'lon.corwin@example.net', '132.053.667', '4b1b43acd31c2afff234e0c4c5f7adc06dabed71', '1988-02-06 06:08:51');
INSERT INTO `users` (`id`, `firstname`, `lastname`, `email`, `phone`, `password_hash`, `created_at`) VALUES ('49', 'Flavie', 'Wiegand', 'lorenzo59@example.net', '493.336.244', '6683e891d3089d851ac9146467bd1dc11b7b9037', '1977-01-28 10:30:45');
INSERT INTO `users` (`id`, `firstname`, `lastname`, `email`, `phone`, `password_hash`, `created_at`) VALUES ('50', 'Dena', 'Kohler', 'dach.tanner@example.net', '399-447-507', '566d4b17242b7d4f941ef5933abfb28baaf554c6', '1973-07-09 15:27:26');
INSERT INTO `users` (`id`, `firstname`, `lastname`, `email`, `phone`, `password_hash`, `created_at`) VALUES ('51', 'Silas', 'Wyman', 'qrobel@example.org', '04758788271', '76f19662c2b64b95dae619040b3d5d6162aa1acf', '1981-07-24 21:19:41');
INSERT INTO `users` (`id`, `firstname`, `lastname`, `email`, `phone`, `password_hash`, `created_at`) VALUES ('52', 'Della', 'Reichel', 'edgardo34@example.net', '507-608-815', '07214cc2c691b80e2b1ee854f3d713a694555c3f', '1979-12-05 00:54:01');
INSERT INTO `users` (`id`, `firstname`, `lastname`, `email`, `phone`, `password_hash`, `created_at`) VALUES ('53', 'Paris', 'Mitchell', 'lucie26@example.org', '1-693-620-5', 'ddbc97f767c05ba74673c253fb2c83ce021e95e1', '1996-12-21 18:49:02');
INSERT INTO `users` (`id`, `firstname`, `lastname`, `email`, `phone`, `password_hash`, `created_at`) VALUES ('54', 'Margaretta', 'Thompson', 'bert.mohr@example.com', '998.085.515', 'dc8dc78d30283e67fe7fb43155815a3a4b1edb3a', '1980-02-11 09:33:47');
INSERT INTO `users` (`id`, `firstname`, `lastname`, `email`, `phone`, `password_hash`, `created_at`) VALUES ('55', 'Gerald', 'Friesen', 'dayana.lind@example.net', '097.283.999', 'f9a94cd220e3da2c334d9963e9f8f8220a3f3537', '1980-11-11 08:08:42');
INSERT INTO `users` (`id`, `firstname`, `lastname`, `email`, `phone`, `password_hash`, `created_at`) VALUES ('56', 'Ryley', 'Miller', 'renner.esta@example.org', '00389599326', '63a73a81f1aa69b8d687e4807f2c9f68a8f6ac84', '2005-10-30 00:12:01');
INSERT INTO `users` (`id`, `firstname`, `lastname`, `email`, `phone`, `password_hash`, `created_at`) VALUES ('57', 'Jessica', 'Schmitt', 'felipe.nitzsche@example.net', '506-277-180', '33e52d3093b0bf2b3dc8899748c9884c55eb59fb', '1988-05-17 02:43:35');
INSERT INTO `users` (`id`, `firstname`, `lastname`, `email`, `phone`, `password_hash`, `created_at`) VALUES ('58', 'Dan', 'Bosco', 'sruecker@example.org', '1-893-850-9', '3d68b227850bbbd4d8b56e2be0359bdd2b3bd106', '1971-04-30 11:48:25');
INSERT INTO `users` (`id`, `firstname`, `lastname`, `email`, `phone`, `password_hash`, `created_at`) VALUES ('59', 'Wyman', 'Johnson', 'bartell.raegan@example.com', '443-823-378', '7a27a93f6ac70b20735ffa85c50c4402ee140f0a', '1991-06-07 00:30:12');
INSERT INTO `users` (`id`, `firstname`, `lastname`, `email`, `phone`, `password_hash`, `created_at`) VALUES ('60', 'Colby', 'Buckridge', 'xpurdy@example.net', '1-928-926-5', 'e2ff85cc84ce87b3b5d97a2fe100b659647ddc71', '2004-07-10 03:48:45');
INSERT INTO `users` (`id`, `firstname`, `lastname`, `email`, `phone`, `password_hash`, `created_at`) VALUES ('61', 'Easton', 'Langosh', 'lucio55@example.net', '011-213-288', '4ab0c48fec02aa03d9845868b3861a6804f2ec5f', '1977-04-10 23:13:32');
INSERT INTO `users` (`id`, `firstname`, `lastname`, `email`, `phone`, `password_hash`, `created_at`) VALUES ('62', 'Orrin', 'Emard', 'shawn31@example.org', '(977)948-34', '1d54a05a2157afc4a40840c6069d6ea40df5a890', '1975-10-01 21:42:40');
INSERT INTO `users` (`id`, `firstname`, `lastname`, `email`, `phone`, `password_hash`, `created_at`) VALUES ('63', 'Eloisa', 'Olson', 'dallin.marvin@example.net', '840.597.596', 'e918bb1491e7ca4fffaf970933c7ad4b90eab38d', '2007-04-19 13:47:48');
INSERT INTO `users` (`id`, `firstname`, `lastname`, `email`, `phone`, `password_hash`, `created_at`) VALUES ('64', 'Paxton', 'Hackett', 'alexzander.bartell@example.net', '(036)499-89', '834f777374034ec4b13d30cf2ed33a382ae9355d', '1994-10-23 23:58:19');
INSERT INTO `users` (`id`, `firstname`, `lastname`, `email`, `phone`, `password_hash`, `created_at`) VALUES ('65', 'Marianne', 'Friesen', 'bertrand.marquardt@example.com', '07366112595', 'bda0fa4f2233261c3338aef322735d4399501235', '1997-12-14 08:24:00');
INSERT INTO `users` (`id`, `firstname`, `lastname`, `email`, `phone`, `password_hash`, `created_at`) VALUES ('66', 'Cydney', 'Luettgen', 'frederik.feeney@example.net', '511-626-818', 'a6f41cba4808fafae04fe44088df2a47cf758f21', '1993-07-24 18:24:06');
INSERT INTO `users` (`id`, `firstname`, `lastname`, `email`, `phone`, `password_hash`, `created_at`) VALUES ('67', 'Modesto', 'Watsica', 'haag.aurelio@example.org', '07272813046', '0a971aeacfa36eeb5b8c1f572919161ed1661715', '1984-04-19 03:11:33');
INSERT INTO `users` (`id`, `firstname`, `lastname`, `email`, `phone`, `password_hash`, `created_at`) VALUES ('68', 'Billie', 'Kautzer', 'brannon.bailey@example.net', '700-570-222', '051e6354e86581ecfe93d11f8f219163fe7c5a61', '2003-04-23 19:20:16');
INSERT INTO `users` (`id`, `firstname`, `lastname`, `email`, `phone`, `password_hash`, `created_at`) VALUES ('69', 'Aubree', 'Howe', 'jast.elnora@example.net', '(297)331-77', 'd3b46390ee10fd8ecbe11c2542840f6af99d4e7a', '1978-02-28 23:37:43');
INSERT INTO `users` (`id`, `firstname`, `lastname`, `email`, `phone`, `password_hash`, `created_at`) VALUES ('70', 'Florian', 'Leuschke', 'ewintheiser@example.com', '1-256-517-5', '20020787aa440a31a72d149e9c1b09cb7b759122', '2012-05-20 14:10:45');
INSERT INTO `users` (`id`, `firstname`, `lastname`, `email`, `phone`, `password_hash`, `created_at`) VALUES ('71', 'Norval', 'Schulist', 'julio45@example.com', '747.885.231', 'ded3ca9b09902a502a932ddc7a4d99e40f54b2f9', '1994-09-06 08:47:47');
INSERT INTO `users` (`id`, `firstname`, `lastname`, `email`, `phone`, `password_hash`, `created_at`) VALUES ('72', 'Suzanne', 'Reilly', 'wisoky.xander@example.com', '273.627.924', '070cd2f5c76c547206a7926412035e6b9e7ec105', '2003-07-13 15:52:30');
INSERT INTO `users` (`id`, `firstname`, `lastname`, `email`, `phone`, `password_hash`, `created_at`) VALUES ('73', 'Oswald', 'Blick', 'bruce44@example.net', '+52(0)33265', 'a3fa53ecbeffd1f3e9640cbc85d8b5cee94d8529', '2020-12-12 21:42:06');
INSERT INTO `users` (`id`, `firstname`, `lastname`, `email`, `phone`, `password_hash`, `created_at`) VALUES ('74', 'Berenice', 'Bergstrom', 'charlene.kihn@example.com', '1-837-060-8', 'fb00f7d42557a32cca35bf5b44d9f8f2bc18b984', '1985-04-23 04:23:27');
INSERT INTO `users` (`id`, `firstname`, `lastname`, `email`, `phone`, `password_hash`, `created_at`) VALUES ('75', 'Leonora', 'Kuhn', 'hillard09@example.net', '1-194-082-4', 'dbc89fe7cb2d61ff30e376e0cade6b779cf7d71f', '2011-07-20 11:59:50');
INSERT INTO `users` (`id`, `firstname`, `lastname`, `email`, `phone`, `password_hash`, `created_at`) VALUES ('76', 'Candelario', 'Kihn', 'claudine87@example.net', '635.714.056', '8407f870d2b053a8a1e797e2e3722825d7731767', '1974-05-06 19:37:13');
INSERT INTO `users` (`id`, `firstname`, `lastname`, `email`, `phone`, `password_hash`, `created_at`) VALUES ('77', 'Amparo', 'Nader', 'keebler.torrance@example.com', '967.808.079', '4dfad9f472b45ed3ef598567ec979b99ea22b3d6', '1987-06-05 06:21:47');
INSERT INTO `users` (`id`, `firstname`, `lastname`, `email`, `phone`, `password_hash`, `created_at`) VALUES ('78', 'Amara', 'Luettgen', 'ghoeger@example.net', '+04(2)47298', '440f8baa1bb786989c06aa5ad744600a3146a228', '2013-11-11 21:16:17');
INSERT INTO `users` (`id`, `firstname`, `lastname`, `email`, `phone`, `password_hash`, `created_at`) VALUES ('79', 'Stephanie', 'Cole', 'rjakubowski@example.com', '1-645-700-9', '6daf38a8a0e59bed448fbc9e9ce1cebf76b42b21', '2003-06-24 05:20:24');
INSERT INTO `users` (`id`, `firstname`, `lastname`, `email`, `phone`, `password_hash`, `created_at`) VALUES ('80', 'Xzavier', 'Luettgen', 'katlyn.o\'reilly@example.net', '643.697.169', 'a5f3b11c0e8387f416c5bfd42be00d2e24d0edcd', '1971-09-07 09:29:40');
INSERT INTO `users` (`id`, `firstname`, `lastname`, `email`, `phone`, `password_hash`, `created_at`) VALUES ('81', 'Trever', 'Olson', 'rosetta68@example.net', '959-703-162', '2f4f1f40b203ebd1f7afdac963f6465ae80e0e3b', '2013-06-20 18:07:24');
INSERT INTO `users` (`id`, `firstname`, `lastname`, `email`, `phone`, `password_hash`, `created_at`) VALUES ('82', 'Jada', 'Block', 'kuhlman.calista@example.com', '1-332-397-4', '36427d361f56633307e97f8f89c2936e1d0d6daf', '2015-04-06 02:14:28');
INSERT INTO `users` (`id`, `firstname`, `lastname`, `email`, `phone`, `password_hash`, `created_at`) VALUES ('83', 'Benedict', 'Frami', 'hauck.wilhelm@example.com', '845.079.072', '8ec84fa7fbf837eca395afb9ffd3202d1f262b3b', '2009-03-08 04:22:55');
INSERT INTO `users` (`id`, `firstname`, `lastname`, `email`, `phone`, `password_hash`, `created_at`) VALUES ('84', 'Blanca', 'Lesch', 'ehagenes@example.org', '+18(7)79846', 'fafe6cd22f22046b96916f2397266738e7eb4ef7', '2009-11-26 01:42:43');
INSERT INTO `users` (`id`, `firstname`, `lastname`, `email`, `phone`, `password_hash`, `created_at`) VALUES ('85', 'Sydnie', 'Lockman', 'daniella.zieme@example.org', '(443)242-20', 'c35f04509995cde7fe098cef17d15bf1b4f04901', '2007-08-15 11:57:29');
INSERT INTO `users` (`id`, `firstname`, `lastname`, `email`, `phone`, `password_hash`, `created_at`) VALUES ('86', 'Bernice', 'Powlowski', 'jackson.gleason@example.com', '(512)261-40', 'b45923a027a958065ddece2ec7cabdfcb841c895', '1972-03-27 03:02:36');
INSERT INTO `users` (`id`, `firstname`, `lastname`, `email`, `phone`, `password_hash`, `created_at`) VALUES ('87', 'Retta', 'Quitzon', 'chyna47@example.net', '1-806-763-8', '95e4f118f1c360d3cdb75ea295dd05962a1a9b9e', '1974-01-26 05:19:52');
INSERT INTO `users` (`id`, `firstname`, `lastname`, `email`, `phone`, `password_hash`, `created_at`) VALUES ('88', 'Juanita', 'Koelpin', 'pfeffer.jillian@example.org', '+45(0)86949', '954c75c11aa5cd51419171f95ec59a082a1f785b', '2014-08-04 01:31:16');
INSERT INTO `users` (`id`, `firstname`, `lastname`, `email`, `phone`, `password_hash`, `created_at`) VALUES ('89', 'Shanon', 'Schamberger', 'ygusikowski@example.net', '794.453.816', '1f1e85aab703161591991a615ffb6fd46ab31276', '1981-08-30 20:49:15');
INSERT INTO `users` (`id`, `firstname`, `lastname`, `email`, `phone`, `password_hash`, `created_at`) VALUES ('90', 'Melba', 'Renner', 'swehner@example.com', '1-184-418-4', 'd596eada753d1a074bdf9f89c0101d18ec254db4', '2011-05-28 16:40:03');
INSERT INTO `users` (`id`, `firstname`, `lastname`, `email`, `phone`, `password_hash`, `created_at`) VALUES ('91', 'Clementine', 'Schaden', 'rhett.dibbert@example.org', '1-032-648-9', 'a7eadbbbb7ee7550857dcbd6ac990de07c2f5e58', '2015-11-10 10:08:52');
INSERT INTO `users` (`id`, `firstname`, `lastname`, `email`, `phone`, `password_hash`, `created_at`) VALUES ('92', 'Hettie', 'Cole', 'hturcotte@example.net', '(479)896-56', 'beed5fb0f0c07c7094d14ad46244476b6b2baab4', '1984-11-03 09:19:14');
INSERT INTO `users` (`id`, `firstname`, `lastname`, `email`, `phone`, `password_hash`, `created_at`) VALUES ('93', 'Adele', 'Deckow', 'kristina35@example.org', '677.943.989', '071641dce479d63ae3fe4e8e8c8b118ff6738826', '2011-08-07 14:23:09');
INSERT INTO `users` (`id`, `firstname`, `lastname`, `email`, `phone`, `password_hash`, `created_at`) VALUES ('94', 'Ernesto', 'Marks', 'kblanda@example.com', '332.709.732', 'a116c1a37648d3caa1542af0de30910bc69b74bb', '1977-08-09 21:26:23');
INSERT INTO `users` (`id`, `firstname`, `lastname`, `email`, `phone`, `password_hash`, `created_at`) VALUES ('95', 'Amalia', 'Ferry', 'ehartmann@example.net', '098-161-689', '6f050199ecdb498b5e33cc982988acba51c72c4c', '1989-09-16 17:40:44');
INSERT INTO `users` (`id`, `firstname`, `lastname`, `email`, `phone`, `password_hash`, `created_at`) VALUES ('96', 'Bridie', 'Klein', 'ahmed38@example.org', '526.608.144', '8f4ca36c1f8e1b83830fb4c29697ee0cdc44c0af', '2004-03-08 02:33:59');
INSERT INTO `users` (`id`, `firstname`, `lastname`, `email`, `phone`, `password_hash`, `created_at`) VALUES ('97', 'Berenice', 'Graham', 'volkman.ayana@example.org', '311-790-696', '31baaf8c36796171f10743d8203a0fab5f52c28c', '2001-11-23 12:39:07');
INSERT INTO `users` (`id`, `firstname`, `lastname`, `email`, `phone`, `password_hash`, `created_at`) VALUES ('98', 'Lupe', 'Shields', 'ona62@example.net', '1-560-242-5', 'c894e3a101f00431f881976f38949dcfa2500372', '1972-02-25 09:36:22');
INSERT INTO `users` (`id`, `firstname`, `lastname`, `email`, `phone`, `password_hash`, `created_at`) VALUES ('99', 'Elenora', 'Aufderhar', 'kyra46@example.org', '033.514.204', '52fdf372aa88ffa503b0642dff49e0f2ea1b6061', '2000-07-13 15:07:56');
INSERT INTO `users` (`id`, `firstname`, `lastname`, `email`, `phone`, `password_hash`, `created_at`) VALUES ('100', 'Luisa', 'Nikolaus', 'jesus44@example.org', '865-457-875', 'dcd119de41e770e3f8eeb260223371f8ccd82a82', '1988-12-27 01:49:24');

